num visits,num species,NLCD2011_FS_C11_375_PLAND,NLCD2011_FS_C12_375_PLAND,NLCD2011_FS_C21_375_PLAND,NLCD2011_FS_C22_375_PLAND,NLCD2011_FS_C23_375_PLAND,NLCD2011_FS_C24_375_PLAND,NLCD2011_FS_C31_375_PLAND,NLCD2011_FS_C41_375_PLAND,NLCD2011_FS_C42_375_PLAND,NLCD2011_FS_C43_375_PLAND,NLCD2011_FS_C52_375_PLAND,NLCD2011_FS_C71_375_PLAND,NLCD2011_FS_C81_375_PLAND,NLCD2011_FS_C82_375_PLAND,NLCD2011_FS_C90_375_PLAND,NLCD2011_FS_C95_375_PLAND,HOUSING_DENSITY,HOUSING_PERCENT_VACANT,ELEV_GT,DIST_FROM_FLOWING_FRESH,DIST_IN_FLOWING_FRESH,DIST_FROM_STANDING_FRESH,DIST_IN_STANDING_FRESH,DIST_FROM_WET_VEG_FRESH,DIST_IN_WET_VEG_FRESH,DIST_FROM_FLOWING_BRACKISH,DIST_IN_FLOWING_BRACKISH,DIST_FROM_STANDING_BRACKISH,DIST_IN_STANDING_BRACKISH,DIST_FROM_WET_VEG_BRACKISH,DIST_IN_WET_VEG_BRACKISH,LATITUDE,LONGITUDE,LOC_ID
866.00000,370.00000,58.38435,0.00000,16.15421,5.76184,19.08265,12.37164,1.76452,57.72849,12.34509,17.46473,9.85815,0.78235,39.32741,12.10139,18.99366,0.00162,269.14255,0.04785,492.00000,1.00000,4.00000,7.00000,6.00000,2.00000,1.00000,4.00000,3.00000,1.00000,6.00000,2.00000,6.00000,42.00000,-75.00000,0.33617
932.00000,262.00000,36.61928,0.00000,11.44186,35.42935,25.85912,1.64463,0.81724,87.70992,1.83465,4.57059,5.55051,0.04696,57.67111,45.73130,19.09127,1.37859,147.29080,0.05027,458.00000,4.00000,1.00000,8.00000,5.00000,6.00000,0.00000,3.00000,7.00000,4.00000,3.00000,0.00000,0.00000,42.00866,-75.00866,0.35320
781.00000,12.00000,9.22286,0.00000,6.38906,7.53883,46.14883,5.36767,0.71916,25.10126,5.65680,7.87649,5.26119,1.43270,66.65073,62.81041,17.45040,0.05997,156.16531,0.08342,153.00000,0.00000,1.00000,3.00000,2.00000,7.00000,6.00000,7.00000,5.00000,9.00000,1.00000,0.00000,6.00000,42.01732,-75.01732,0.89492
357.00000,492.00000,38.94742,0.00000,13.15773,34.53351,26.36054,9.81546,0.12351,48.87017,1.96325,17.39722,12.79347,1.78921,65.66221,63.32736,19.96891,0.21844,240.60931,0.07713,179.00000,1.00000,9.00000,3.00000,5.00000,4.00000,9.00000,6.00000,9.00000,9.00000,0.00000,1.00000,4.00000,42.02597,-75.02597,0.03198
219.00000,265.00000,17.34561,0.00000,5.37411,25.39087,46.47359,4.62413,0.11466,25.75584,15.69753,4.74742,17.27545,0.11396,97.37856,50.74375,13.34631,1.94094,303.30354,0.07617,115.00000,4.00000,1.00000,1.00000,4.00000,5.00000,2.00000,0.00000,7.00000,8.00000,3.00000,5.00000,3.00000,42.03463,-75.03463,0.94079
180.00000,121.00000,5.15202,0.00000,1.70069,24.48442,16.91929,5.80948,1.10152,13.87142,12.94258,15.18934,16.17776,0.40898,54.63191,27.99316,2.88956,1.85555,184.72850,0.08520,64.00000,4.00000,3.00000,4.00000,9.00000,1.00000,1.00000,5.00000,6.00000,9.00000,0.00000,5.00000,0.00000,42.04329,-75.04329,0.83752
9.00000,361.00000,91.75640,0.00000,17.51820,0.06114,38.71797,8.87354,0.34647,96.82005,11.73752,1.72564,9.91846,0.94437,44.24260,17.45044,9.34781,0.97857,104.20747,0.00778,16.00000,4.00000,7.00000,1.00000,1.00000,1.00000,1.00000,7.00000,3.00000,1.00000,1.00000,6.00000,6.00000,42.05195,-75.05195,0.52777
391.00000,281.00000,48.55473,0.00000,1.89835,27.49586,3.43274,15.64762,1.40236,83.81703,9.44892,11.49235,1.64298,0.00641,34.17560,62.32342,3.75226,0.38626,213.61115,0.03839,297.00000,0.00000,2.00000,9.00000,2.00000,2.00000,9.00000,2.00000,1.00000,3.00000,0.00000,0.00000,9.00000,42.06061,-75.06061,0.98359
282.00000,408.00000,94.21632,0.00000,0.15710,42.57465,43.52180,5.77985,1.14033,5.87428,16.85842,3.82887,5.68695,0.32942,91.47619,58.35180,16.78889,1.76126,303.95222,0.06879,394.00000,0.00000,2.00000,4.00000,9.00000,0.00000,5.00000,0.00000,4.00000,5.00000,1.00000,4.00000,7.00000,42.06926,-75.06926,0.90754
589.00000,108.00000,13.64610,0.00000,1.19622,40.84785,29.40526,9.75426,0.33317,12.71194,12.90718,4.13962,13.71695,1.53486,78.38222,60.76499,1.84725,1.76048,149.02281,0.02125,75.00000,2.00000,0.00000,2.00000,5.00000,6.00000,0.00000,7.00000,3.00000,8.00000,8.00000,3.00000,6.00000,42.07792,-75.07792,0.66203
386.00000,81.00000,78.58253,0.00000,6.17187,26.78687,42.21410,0.71276,0.93715,7.37813,13.11372,2.60803,5.81270,1.88184,22.25624,2.27456,9.17470,1.20791,393.29005,0.02718,123.00000,1.00000,4.00000,4.00000,7.00000,9.00000,5.00000,0.00000,1.00000,1.00000,9.00000,2.00000,5.00000,42.08658,-75.08658,0.05330
337.00000,408.00000,0.94517,0.00000,18.34270,44.99531,47.34240,8.92823,1.11027,47.19874,18.27607,1.35759,8.23125,1.20228,75.93659,44.28696,7.33987,1.18986,134.92185,0.02504,133.00000,1.00000,6.00000,2.00000,5.00000,6.00000,4.00000,5.00000,8.00000,9.00000,7.00000,4.00000,5.00000,42.09524,-75.09524,0.11393
697.00000,212.00000,94.16218,0.00000,2.15642,6.31892,3.96780,19.03740,1.80783,2.92402,4.44891,7.90420,16.51796,1.71249,64.90697,18.39201,9.44375,0.54891,297.01136,0.03298,494.00000,1.00000,7.00000,9.00000,0.00000,1.00000,5.00000,0.00000,5.00000,3.00000,1.00000,0.00000,4.00000,42.10390,-75.10390,0.25291
689.00000,363.00000,95.66212,0.00000,13.75666,33.36782,42.70222,0.66799,1.79430,91.43835,10.24359,3.74127,11.22975,0.13170,31.99336,19.65734,13.25570,1.89483,183.26025,0.07011,3.00000,4.00000,3.00000,5.00000,8.00000,5.00000,0.00000,6.00000,7.00000,4.00000,1.00000,0.00000,1.00000,42.11255,-75.11255,0.10946
12.00000,263.00000,73.52145,0.00000,5.16785,0.67238,18.21759,4.13067,1.99439,89.17048,17.09235,17.03298,11.01651,1.22866,0.66873,10.69303,14.42243,0.61240,427.70610,0.08863,263.00000,1.00000,5.00000,9.00000,1.00000,3.00000,0.00000,0.00000,9.00000,7.00000,7.00000,1.00000,5.00000,42.12121,-75.12121,0.63788
763.00000,286.00000,40.12176,0.00000,6.86294,48.49340,13.87299,8.09305,1.55742,75.80514,4.32047,13.17773,16.98317,1.29860,99.32151,77.62970,2.98918,1.22658,290.20720,0.05336,120.00000,1.00000,0.00000,1.00000,9.00000,9.00000,7.00000,5.00000,0.00000,6.00000,1.00000,9.00000,0.00000,42.12987,-75.12987,0.94048
488.00000,404.00000,33.08482,0.00000,4.07278,16.23305,16.65509,2.91873,0.88579,15.43388,10.32682,11.16471,4.89635,1.29192,78.82618,63.77312,0.55545,0.25775,65.87242,0.07574,490.00000,3.00000,7.00000,2.00000,9.00000,1.00000,7.00000,2.00000,9.00000,9.00000,9.00000,1.00000,3.00000,42.13853,-75.13853,0.29547
617.00000,25.00000,1.73743,0.00000,1.09572,11.55760,5.54477,2.21263,1.93191,12.37877,19.46124,2.75753,1.88067,0.57315,97.61476,40.78989,15.88885,0.00883,448.13789,0.02489,429.00000,4.00000,9.00000,9.00000,9.00000,4.00000,8.00000,2.00000,7.00000,8.00000,0.00000,1.00000,5.00000,42.14719,-75.14719,0.80610
953.00000,225.00000,83.26470,0.00000,9.00260,27.05802,19.71751,4.11023,1.20991,74.02353,17.18559,7.24470,14.74575,0.20955,82.60527,74.89427,6.09451,1.64460,478.05419,0.07820,421.00000,2.00000,8.00000,4.00000,3.00000,4.00000,6.00000,5.00000,6.00000,6.00000,2.00000,7.00000,3.00000,42.15584,-75.15584,0.89162
642.00000,305.00000,42.18014,0.00000,1.32071,47.79340,38.75315,9.70054,0.57487,12.25266,13.37764,13.42646,5.78260,0.06910,15.67674,25.59833,1.75437,0.34250,206.53585,0.04402,263.00000,1.00000,0.00000,2.00000,9.00000,9.00000,1.00000,8.00000,8.00000,7.00000,8.00000,6.00000,1.00000,42.16450,-75.16450,0.68716
966.00000,152.00000,58.22734,0.00000,13.37978,39.43217,17.76661,8.12436,0.88623,34.57486,6.63422,1.16618,0.50663,1.78577,23.32443,10.66329,9.74476,0.26349,397.30937,0.06382,370.00000,0.00000,7.00000,1.00000,1.00000,8.00000,1.00000,7.00000,5.00000,3.00000,3.00000,7.00000,7.00000,42.17316,-75.17316,0.61416
108.00000,168.00000,29.15208,0.00000,4.63427,21.30665,44.97553,11.68278,1.15662,3.52139,10.17789,0.04609,7.39422,1.49119,85.57691,33.71888,5.04128,1.92371,492.08660,0.05765,408.00000,3.00000,2.00000,7.00000,0.00000,5.00000,5.00000,8.00000,8.00000,8.00000,2.00000,2.00000,6.00000,42.18182,-75.18182,0.43186
145.00000,304.00000,55.07372,0.00000,4.60353,6.13513,4.75317,10.49173,1.31556,0.69097,13.12658,14.16823,11.90694,1.71299,18.15306,72.93297,7.75662,0.91945,173.55342,0.09388,301.00000,4.00000,4.00000,1.00000,3.00000,2.00000,4.00000,8.00000,9.00000,9.00000,2.00000,8.00000,9.00000,42.19048,-75.19048,0.68980
994.00000,36.00000,58.20470,0.00000,6.69495,42.18797,19.80025,17.20328,1.20322,8.39624,14.50278,13.22959,3.07571,1.46199,42.17922,74.63364,10.23211,0.34126,368.69455,0.07609,54.00000,0.00000,9.00000,8.00000,7.00000,5.00000,3.00000,1.00000,8.00000,4.00000,6.00000,5.00000,2.00000,42.19913,-75.19913,0.81315
779.00000,282.00000,26.59156,0.00000,12.10748,45.15117,8.45614,9.29594,1.08629,54.77598,17.16955,19.51990,12.86565,0.02604,65.99902,20.45192,16.04054,0.00951,438.86153,0.00025,179.00000,1.00000,8.00000,6.00000,7.00000,9.00000,3.00000,9.00000,7.00000,6.00000,0.00000,6.00000,5.00000,42.20779,-75.20779,0.71459
980.00000,472.00000,72.05515,0.00000,10.06502,11.24186,15.60521,17.92116,1.14305,81.44949,6.26037,15.16856,8.39543,1.85042,76.41444,68.85404,10.82028,1.46053,422.09171,0.02221,472.00000,2.00000,3.00000,3.00000,1.00000,2.00000,4.00000,3.00000,3.00000,2.00000,7.00000,0.00000,5.00000,42.21645,-75.21645,0.26628
896.00000,290.00000,74.05211,0.00000,4.84651,49.24916,46.45601,10.37475,0.09754,72.56297,7.71414,15.76024,8.32089,0.46761,58.13729,34.38187,15.43010,1.75214,437.74920,0.06132,489.00000,2.00000,6.00000,1.00000,6.00000,5.00000,3.00000,3.00000,0.00000,6.00000,4.00000,8.00000,6.00000,42.22511,-75.22511,0.93312
825.00000,48.00000,86.45906,0.00000,0.37428,3.57017,35.72519,5.26018,1.46130,75.39100,16.85816,1.17768,8.18343,0.54988,5.84854,56.78070,14.26006,1.29927,379.23046,0.04529,355.00000,2.00000,3.00000,5.00000,0.00000,2.00000,2.00000,1.00000,3.00000,5.00000,7.00000,8.00000,9.00000,42.23377,-75.23377,0.83713
500.00000,171.00000,78.13124,0.00000,2.19587,22.35569,30.34019,11.70241,0.66133,37.27274,2.71454,15.62056,14.43949,0.55099,1.75896,32.40338,10.63146,1.04993,344.60319,0.06371,152.00000,2.00000,5.00000,9.00000,3.00000,7.00000,1.00000,4.00000,6.00000,4.00000,3.00000,4.00000,7.00000,42.24242,-75.24242,0.86959
863.00000,493.00000,99.46419,0.00000,4.15802,45.17460,31.92706,14.10155,1.97914,70.44422,6.09736,12.34331,16.71074,0.87530,61.05848,50.53146,0.23385,0.95968,496.58491,0.02095,290.00000,0.00000,7.00000,2.00000,5.00000,7.00000,7.00000,3.00000,4.00000,9.00000,5.00000,9.00000,3.00000,42.25108,-75.25108,0.03067
731.00000,166.00000,6.96693,0.00000,3.57237,6.06504,32.62306,14.59285,0.03239,65.05215,9.69734,6.12534,2.71014,1.80618,98.63369,10.23153,19.15721,1.04659,410.31443,0.02272,330.00000,4.00000,7.00000,0.00000,7.00000,9.00000,5.00000,0.00000,2.00000,0.00000,4.00000,3.00000,5.00000,42.25974,-75.25974,0.82215
710.00000,301.00000,78.56702,0.00000,0.16004,2.03445,35.20925,15.83801,1.50267,72.92468,15.97213,5.61152,6.57962,0.21608,73.88890,52.50436,12.46225,0.57767,209.53551,0.05024,224.00000,4.00000,1.00000,5.00000,0.00000,2.00000,7.00000,3.00000,2.00000,3.00000,5.00000,6.00000,8.00000,42.26840,-75.26840,0.12832
169.00000,284.00000,43.95500,0.00000,1.15794,36.79243,49.58366,13.44692,1.78930,69.73516,0.85652,8.62983,4.38634,1.39028,94.06779,56.96835,16.73850,1.89053,440.56273,0.00669,113.00000,2.00000,0.00000,3.00000,7.00000,1.00000,1.00000,1.00000,1.00000,2.00000,5.00000,6.00000,8.00000,42.27706,-75.27706,0.87452
280.00000,240.00000,97.71773,0.00000,8.05154,3.15934,37.07607,10.31578,0.41593,15.54477,3.14218,3.30925,12.79804,1.19973,2.99486,9.16618,5.83323,0.38366,202.04328,0.06430,79.00000,3.00000,6.00000,6.00000,2.00000,1.00000,3.00000,4.00000,6.00000,3.00000,4.00000,1.00000,4.00000,42.28571,-75.28571,0.54196
855.00000,141.00000,59.48051,0.00000,2.67768,39.80940,3.58930,15.74315,0.62500,83.44785,16.82937,19.24944,19.52354,0.81229,84.09830,72.89771,19.13416,1.73720,268.30155,0.08447,444.00000,4.00000,2.00000,5.00000,0.00000,7.00000,3.00000,2.00000,9.00000,4.00000,5.00000,0.00000,4.00000,42.29437,-75.29437,0.68985
353.00000,312.00000,64.69042,0.00000,9.91260,5.29289,21.64831,6.33968,1.90223,82.97923,11.77494,6.54532,19.72197,0.93683,14.06202,74.08670,18.46780,0.14496,211.69919,0.08119,308.00000,1.00000,5.00000,6.00000,3.00000,4.00000,6.00000,5.00000,9.00000,7.00000,3.00000,5.00000,9.00000,42.30303,-75.30303,0.40434
858.00000,361.00000,41.39926,0.00000,7.24476,25.28298,14.00216,15.59578,0.83273,8.63193,5.56449,7.45618,13.73917,1.38947,18.42348,60.96521,2.91345,0.11889,266.22093,0.07614,30.00000,4.00000,3.00000,8.00000,9.00000,8.00000,8.00000,3.00000,4.00000,4.00000,6.00000,5.00000,3.00000,42.31169,-75.31169,0.30302
491.00000,414.00000,86.50970,0.00000,1.57635,11.22782,16.66068,15.37842,0.75521,77.29590,4.34044,15.35050,2.26358,1.08583,5.46861,40.80964,14.39155,0.21217,192.14771,0.03541,30.00000,1.00000,5.00000,3.00000,5.00000,0.00000,1.00000,9.00000,1.00000,4.00000,6.00000,3.00000,5.00000,42.32035,-75.32035,0.73085
680.00000,345.00000,41.48250,0.00000,8.32239,46.26766,49.54631,11.31238,1.58548,77.69138,7.45075,3.22302,4.18355,0.85184,96.47716,32.02555,18.70093,1.66343,292.43878,0.07099,388.00000,2.00000,9.00000,6.00000,3.00000,5.00000,3.00000,6.00000,1.00000,6.00000,0.00000,6.00000,8.00000,42.32900,-75.32900,0.50814
677.00000,485.00000,87.00884,0.00000,10.30997,17.85378,27.07132,4.78602,1.04028,77.41831,6.06746,11.74625,16.96405,0.95767,15.78240,44.57618,4.69782,0.61076,43.36538,0.00534,461.00000,3.00000,3.00000,5.00000,0.00000,8.00000,1.00000,8.00000,5.00000,4.00000,5.00000,7.00000,8.00000,42.33766,-75.33766,0.26275
33.00000,276.00000,63.15754,0.00000,1.43043,42.50572,25.74715,4.75039,1.83240,93.03563,15.45709,19.54969,13.38157,1.19842,3.96951,6.66700,16.89956,0.24102,422.67146,0.00795,108.00000,2.00000,5.00000,6.00000,7.00000,4.00000,6.00000,8.00000,7.00000,7.00000,4.00000,5.00000,6.00000,42.34632,-75.34632,0.20346
0.00000,81.00000,64.80745,0.00000,8.53999,12.55570,18.53868,17.42907,0.47615,68.22748,19.79182,12.70948,0.36986,1.72629,47.06575,51.22671,13.27758,1.27679,419.68714,0.00112,278.00000,4.00000,5.00000,3.00000,8.00000,6.00000,6.00000,2.00000,3.00000,0.00000,9.00000,9.00000,7.00000,42.35498,-75.35498,0.82861
724.00000,414.00000,28.12214,0.00000,12.09991,22.06572,38.11976,2.26339,0.04014,29.71004,6.25621,3.18070,11.90890,0.15500,91.46766,42.67016,15.89905,0.76604,86.61658,0.03484,395.00000,3.00000,3.00000,0.00000,7.00000,1.00000,1.00000,2.00000,0.00000,3.00000,9.00000,9.00000,4.00000,42.36364,-75.36364,0.92661
748.00000,405.00000,58.51361,0.00000,0.96911,0.02268,30.90742,0.84657,0.31166,40.39130,3.24138,18.01816,12.31086,1.92172,30.03283,47.26580,9.83127,0.99806,17.99752,0.09135,27.00000,1.00000,9.00000,5.00000,8.00000,2.00000,3.00000,4.00000,7.00000,2.00000,6.00000,5.00000,5.00000,42.37229,-75.37229,0.61121
141.00000,395.00000,67.35150,0.00000,10.24183,42.28716,39.74392,9.85333,1.88893,81.73411,15.87674,16.30099,8.70798,0.49679,52.13880,12.34381,2.48782,0.63764,83.32644,0.03179,167.00000,2.00000,3.00000,2.00000,3.00000,6.00000,3.00000,7.00000,0.00000,0.00000,0.00000,4.00000,2.00000,42.38095,-75.38095,0.33514
432.00000,398.00000,30.50003,0.00000,17.87194,1.38339,9.46033,16.77089,1.96510,17.82559,4.37627,15.67339,10.59277,1.16347,82.81053,54.57956,9.36101,1.03803,209.47937,0.04343,332.00000,4.00000,7.00000,2.00000,5.00000,8.00000,6.00000,9.00000,5.00000,5.00000,8.00000,1.00000,6.00000,42.38961,-75.38961,0.29694
303.00000,497.00000,55.01141,0.00000,8.27798,10.73020,1.59433,19.76904,0.31623,68.12030,6.20026,0.46595,13.95877,1.96634,55.33503,6.68239,8.82520,0.28565,309.77063,0.00447,295.00000,1.00000,4.00000,0.00000,2.00000,7.00000,6.00000,8.00000,3.00000,7.00000,5.00000,6.00000,5.00000,42.39827,-75.39827,0.42609
382.00000,440.00000,5.84171,0.00000,7.57665,27.63029,20.82694,7.02398,0.39676,0.46916,12.88807,18.76744,10.22687,0.00816,70.03790,21.69426,7.34355,0.30954,229.82708,0.00378,409.00000,1.00000,8.00000,3.00000,5.00000,2.00000,9.00000,2.00000,1.00000,7.00000,0.00000,1.00000,9.00000,42.40693,-75.40693,0.16557
614.00000,353.00000,74.70124,0.00000,7.06802,1.70774,19.34130,13.22563,0.48303,3.24144,15.32942,0.89457,2.43183,0.10760,44.53016,62.40817,15.09123,0.81750,201.41119,0.00712,292.00000,4.00000,1.00000,7.00000,6.00000,8.00000,5.00000,4.00000,3.00000,6.00000,1.00000,9.00000,3.00000,42.41558,-75.41558,0.95271
978.00000,355.00000,9.09431,0.00000,13.46982,19.46420,27.70793,0.88323,1.09312,37.41737,8.72362,15.03958,9.11442,0.56405,34.67235,17.45915,15.33274,0.32942,487.97421,0.05875,57.00000,3.00000,3.00000,5.00000,3.00000,7.00000,4.00000,5.00000,6.00000,7.00000,8.00000,3.00000,7.00000,42.42424,-75.42424,0.31812
459.00000,414.00000,61.23070,0.00000,15.12940,43.83207,7.73638,9.40500,1.66755,69.65797,8.06170,4.59311,11.13929,0.44688,97.12036,42.59285,8.82780,0.26610,179.01419,0.07683,227.00000,4.00000,6.00000,3.00000,8.00000,5.00000,6.00000,1.00000,1.00000,9.00000,6.00000,3.00000,3.00000,42.43290,-75.43290,0.41879
111.00000,323.00000,40.87579,0.00000,2.55410,25.26789,25.83814,15.44949,1.40612,41.35721,14.67914,6.49845,9.45452,1.30769,82.78261,46.73215,18.97939,1.79298,483.28760,0.03682,117.00000,1.00000,0.00000,9.00000,3.00000,1.00000,9.00000,2.00000,4.00000,6.00000,5.00000,1.00000,4.00000,42.44156,-75.44156,0.34501
83.00000,148.00000,34.04958,0.00000,5.00261,10.16499,41.52074,9.51214,0.99581,66.96701,19.85347,8.56071,9.36988,1.58190,86.29895,45.98050,13.59329,0.31540,415.28702,0.07337,139.00000,2.00000,1.00000,6.00000,9.00000,7.00000,4.00000,4.00000,9.00000,4.00000,0.00000,3.00000,5.00000,42.45022,-75.45022,0.49653
110.00000,397.00000,97.12782,0.00000,1.34553,3.00777,46.97857,3.36550,0.05483,42.66073,1.55251,6.42695,19.96287,1.08506,28.90507,51.77755,13.61115,1.69649,493.06678,0.01932,94.00000,4.00000,2.00000,2.00000,4.00000,2.00000,4.00000,2.00000,8.00000,7.00000,5.00000,7.00000,6.00000,42.45887,-75.45887,0.93787
496.00000,107.00000,21.08174,0.00000,6.04401,40.70014,44.62730,7.85517,0.70271,51.93416,1.30790,8.17757,11.84863,1.86080,70.90675,40.96315,14.39482,0.23900,409.93200,0.09179,338.00000,0.00000,9.00000,3.00000,1.00000,7.00000,0.00000,1.00000,4.00000,3.00000,9.00000,2.00000,1.00000,42.46753,-75.46753,0.73936
211.00000,51.00000,42.77864,0.00000,13.50533,31.17100,49.83550,16.52339,0.66690,3.63278,15.73230,15.74492,16.36965,1.74049,92.19758,62.09910,18.76305,0.51122,405.67406,0.01395,306.00000,2.00000,4.00000,0.00000,8.00000,7.00000,9.00000,4.00000,8.00000,5.00000,4.00000,9.00000,9.00000,42.47619,-75.47619,0.49494
874.00000,448.00000,16.58823,0.00000,18.39622,43.54040,47.20660,9.97566,0.58638,45.75930,2.82093,13.21682,10.53076,1.61211,21.72787,63.07589,18.95553,0.76084,329.79830,0.04387,12.00000,1.00000,1.00000,3.00000,9.00000,6.00000,2.00000,4.00000,2.00000,5.00000,1.00000,3.00000,6.00000,42.48485,-75.48485,0.92166
963.00000,124.00000,17.59192,0.00000,12.17274,42.52159,9.69046,14.41773,1.95253,15.30782,13.30560,6.04514,4.51787,0.33682,62.97987,42.40548,10.57822,1.45687,183.52660,0.03217,300.00000,3.00000,7.00000,6.00000,2.00000,6.00000,5.00000,7.00000,9.00000,2.00000,3.00000,8.00000,8.00000,42.49351,-75.49351,0.17362
191.00000,223.00000,72.36643,0.00000,6.60200,32.33729,0.63460,17.71797,0.55281,22.06047,17.80418,18.40583,0.54683,1.70082,42.86195,43.69054,9.92827,1.95785,394.43584,0.00892,56.00000,4.00000,9.00000,9.00000,2.00000,7.00000,2.00000,3.00000,4.00000,4.00000,3.00000,3.00000,5.00000,42.50216,-75.50216,0.29074
15.00000,398.00000,55.45926,0.00000,8.74655,14.61703,17.08864,5.24270,1.94939,55.67391,2.33518,15.03008,7.23242,0.82748,24.73849,66.57271,14.11946,0.69651,191.30673,0.07399,115.00000,3.00000,0.00000,2.00000,3.00000,8.00000,7.00000,3.00000,0.00000,9.00000,1.00000,3.00000,2.00000,42.51082,-75.51082,0.08443
290.00000,149.00000,58.65184,0.00000,8.91849,14.53504,40.38744,5.32872,0.11561,61.92411,8.73969,15.77829,17.36034,1.96720,87.98070,64.93032,11.94390,1.85385,179.27861,0.08883,377.00000,3.00000,9.00000,6.00000,9.00000,3.00000,4.00000,4.00000,4.00000,1.00000,0.00000,6.00000,2.00000,42.51948,-75.51948,0.48841
667.00000,84.00000,9.72523,0.00000,13.63661,21.24602,21.35253,15.51771,1.58276,68.39005,0.69664,18.21050,17.46155,0.28317,19.46908,51.87930,9.73742,0.41307,112.61979,0.00127,346.00000,1.00000,7.00000,5.00000,4.00000,2.00000,2.00000,9.00000,6.00000,9.00000,8.00000,7.00000,1.00000,42.52814,-75.52814,0.45868
368.00000,314.00000,83.66088,0.00000,1.89185,47.71369,45.01738,9.00015,0.84098,40.62533,10.99757,13.07501,14.79063,1.14071,92.71929,66.58850,0.05196,1.13109,124.72165,0.03785,460.00000,2.00000,5.00000,3.00000,9.00000,7.00000,9.00000,9.00000,9.00000,0.00000,4.00000,7.00000,3.00000,42.53680,-75.53680,0.74334
994.00000,74.00000,93.06262,0.00000,10.19698,37.01779,48.95332,19.80018,0.23272,95.52600,16.37401,10.69041,2.97676,1.83839,51.80056,40.67646,7.70617,1.39569,396.15854,0.03140,328.00000,2.00000,7.00000,0.00000,4.00000,0.00000,2.00000,1.00000,4.00000,3.00000,4.00000,4.00000,5.00000,42.54545,-75.54545,0.92259
626.00000,194.00000,79.07484,0.00000,8.86014,46.64620,47.89741,3.63557,1.52600,62.01580,6.99770,9.29559,4.73133,1.40782,31.84014,53.36874,17.85734,0.28535,482.80102,0.01325,55.00000,1.00000,8.00000,2.00000,3.00000,0.00000,2.00000,4.00000,9.00000,4.00000,0.00000,6.00000,1.00000,42.55411,-75.55411,0.16326
430.00000,251.00000,2.54879,0.00000,18.31853,8.69418,23.15201,7.62919,0.85734,54.47640,19.94560,1.18482,15.46480,1.73120,38.39074,63.36431,17.17306,0.53173,338.19201,0.03348,487.00000,0.00000,3.00000,3.00000,9.00000,8.00000,8.00000,7.00000,6.00000,5.00000,5.00000,8.00000,2.00000,42.56277,-75.56277,0.92996
891.00000,73.00000,92.85216,0.00000,3.68358,43.94761,43.00672,9.44804,1.09398,78.91698,15.50485,6.85114,19.29267,1.29902,39.16940,36.37755,15.52783,0.67768,54.76082,0.03354,22.00000,0.00000,1.00000,3.00000,9.00000,8.00000,3.00000,7.00000,9.00000,7.00000,8.00000,1.00000,3.00000,42.57143,-75.57143,0.10475
51.00000,78.00000,97.99327,0.00000,11.57116,36.40498,46.55373,15.15458,1.01871,46.54619,2.98596,0.33075,14.95090,1.75221,83.65533,47.38797,2.75562,1.28418,389.78836,0.05217,268.00000,2.00000,9.00000,2.00000,1.00000,6.00000,5.00000,3.00000,3.00000,2.00000,6.00000,1.00000,2.00000,42.58009,-75.58009,0.79212
344.00000,122.00000,85.60412,0.00000,9.27701,7.01318,30.69276,15.16278,1.20740,14.44115,7.18880,15.14853,13.24554,0.05712,18.84017,57.20591,14.42297,1.91855,213.21254,0.04009,361.00000,0.00000,6.00000,3.00000,1.00000,0.00000,1.00000,5.00000,6.00000,8.00000,9.00000,1.00000,4.00000,42.58874,-75.58874,0.24349
113.00000,241.00000,98.32691,0.00000,13.07786,20.11762,7.30197,6.76356,1.60505,83.81736,19.14565,9.44849,8.47519,0.22451,80.84357,22.27494,8.64336,0.13920,234.79178,0.05010,426.00000,0.00000,0.00000,3.00000,2.00000,0.00000,1.00000,4.00000,5.00000,2.00000,6.00000,2.00000,1.00000,42.59740,-75.59740,0.88617
113.00000,354.00000,9.17996,0.00000,14.97369,32.78645,43.13535,3.40574,0.10774,85.58184,3.72987,18.75801,8.83312,0.45791,38.51025,8.78880,6.12087,1.90377,455.70685,0.03093,182.00000,1.00000,5.00000,9.00000,0.00000,2.00000,7.00000,8.00000,4.00000,3.00000,8.00000,3.00000,4.00000,42.60606,-75.60606,0.17044
682.00000,168.00000,61.80004,0.00000,7.61709,5.14943,1.88795,16.23884,1.59678,45.68632,8.47920,14.75384,1.13542,1.53551,72.11299,25.96006,7.37550,0.32338,52.23134,0.03214,312.00000,2.00000,6.00000,8.00000,2.00000,1.00000,5.00000,8.00000,8.00000,8.00000,6.00000,6.00000,9.00000,42.61472,-75.61472,0.68530
453.00000,324.00000,56.40189,0.00000,2.72663,19.12486,49.35137,12.48013,1.46738,17.04896,0.98678,18.29221,19.50101,1.80818,68.50838,43.35426,7.21208,0.61879,31.88162,0.00470,59.00000,3.00000,0.00000,8.00000,5.00000,9.00000,5.00000,3.00000,4.00000,9.00000,5.00000,8.00000,0.00000,42.62338,-75.62338,0.04249
167.00000,474.00000,41.96920,0.00000,0.99724,19.30970,27.00525,18.76838,1.98005,45.34454,15.80098,8.57162,4.46382,1.40859,54.74997,1.24676,1.84450,0.14351,218.35648,0.05537,120.00000,2.00000,0.00000,7.00000,5.00000,9.00000,7.00000,7.00000,3.00000,5.00000,0.00000,1.00000,6.00000,42.63203,-75.63203,0.79263
622.00000,190.00000,91.74657,0.00000,14.21022,32.19598,17.06954,0.01258,1.00105,71.19434,5.46226,8.78188,17.56336,1.70933,98.10379,47.18438,5.63593,1.14428,15.73725,0.07674,173.00000,2.00000,1.00000,6.00000,6.00000,6.00000,2.00000,2.00000,3.00000,5.00000,5.00000,0.00000,2.00000,42.64069,-75.64069,0.01143
185.00000,404.00000,75.89887,0.00000,5.72851,14.21380,42.18754,5.83933,1.80787,75.07316,11.49255,10.28043,18.32269,1.19229,78.00089,79.63849,9.27438,1.63327,237.83024,0.06404,152.00000,4.00000,2.00000,8.00000,4.00000,5.00000,0.00000,2.00000,0.00000,9.00000,3.00000,3.00000,6.00000,42.64935,-75.64935,0.17373
256.00000,292.00000,37.82467,0.00000,18.17788,35.14014,44.26621,7.21361,1.43315,77.43015,7.76518,13.68532,15.97296,1.15909,31.72461,59.84751,13.16906,1.15366,237.50463,0.00590,188.00000,0.00000,1.00000,0.00000,7.00000,9.00000,3.00000,8.00000,3.00000,3.00000,2.00000,1.00000,2.00000,42.65801,-75.65801,0.46887
519.00000,66.00000,32.80947,0.00000,0.16746,34.03943,7.13425,12.55790,1.08014,28.86150,16.60080,6.54247,17.98376,1.37195,0.23181,69.90188,12.25003,1.18446,199.99232,0.09312,405.00000,0.00000,8.00000,5.00000,4.00000,2.00000,4.00000,3.00000,5.00000,4.00000,1.00000,1.00000,3.00000,42.66667,-75.66667,0.31610
436.00000,379.00000,49.56837,0.00000,18.33603,38.96664,47.98396,5.40815,0.79449,3.22450,0.40937,7.35909,0.51599,0.44879,24.70585,3.14527,12.16670,0.05149,76.20998,0.00493,252.00000,3.00000,6.00000,3.00000,2.00000,8.00000,9.00000,9.00000,7.00000,1.00000,9.00000,4.00000,6.00000,42.67532,-75.67532,0.01262
152.00000,162.00000,44.70790,0.00000,3.26334,27.51363,9.15111,3.39419,0.22838,3.09326,2.81109,9.26507,13.83131,0.04422,88.23513,6.22545,18.80467,0.83785,258.66577,0.08776,184.00000,1.00000,1.00000,8.00000,9.00000,3.00000,3.00000,5.00000,6.00000,6.00000,9.00000,8.00000,2.00000,42.68398,-75.68398,0.53527
217.00000,223.00000,6.05327,0.00000,11.33825,39.18102,11.14769,19.73049,0.94670,31.89120,14.04755,3.46817,16.16295,0.52013,6.29939,4.56913,15.06134,1.55072,88.53932,0.09315,291.00000,0.00000,8.00000,5.00000,1.00000,7.00000,6.00000,3.00000,7.00000,1.00000,2.00000,4.00000,4.00000,42.69264,-75.69264,0.58623
15.00000,199.00000,0.94302,0.00000,12.56647,17.26039,48.18286,10.94543,1.94258,56.31266,12.79797,12.20262,10.48620,0.90277,4.22213,1.07703,3.35698,1.82224,429.88644,0.02131,194.00000,2.00000,6.00000,8.00000,7.00000,4.00000,4.00000,1.00000,4.00000,0.00000,5.00000,1.00000,9.00000,42.70130,-75.70130,0.28158
671.00000,437.00000,69.70302,0.00000,8.16852,27.67071,31.59637,18.40053,0.56310,68.72416,0.10367,5.29529,5.64637,0.30074,16.60658,60.64199,6.21571,0.55088,244.83691,0.07998,119.00000,3.00000,9.00000,8.00000,2.00000,9.00000,7.00000,1.00000,6.00000,6.00000,3.00000,8.00000,4.00000,42.70996,-75.70996,0.53145
658.00000,150.00000,1.98991,0.00000,16.78386,26.29668,46.33410,18.67301,0.69429,11.19191,14.98433,18.96762,9.81871,0.33309,28.38370,16.38062,17.29433,1.28403,259.44054,0.04876,287.00000,0.00000,0.00000,8.00000,0.00000,7.00000,7.00000,0.00000,2.00000,5.00000,4.00000,7.00000,5.00000,42.71861,-75.71861,0.19229
806.00000,134.00000,95.60034,0.00000,15.78124,47.53386,39.34517,17.57546,0.68879,93.75050,11.38478,9.28563,17.52864,1.00141,34.61830,46.63587,17.24089,0.51528,401.14651,0.07834,209.00000,3.00000,0.00000,5.00000,0.00000,4.00000,6.00000,5.00000,6.00000,8.00000,2.00000,8.00000,4.00000,42.72727,-75.72727,0.69092
928.00000,15.00000,8.16758,0.00000,7.69859,2.23585,7.43823,6.46473,1.53047,84.99453,6.58594,1.79776,3.12880,1.47069,93.09428,3.95245,2.68687,0.20068,397.74385,0.04296,51.00000,4.00000,3.00000,7.00000,2.00000,3.00000,1.00000,0.00000,9.00000,9.00000,3.00000,2.00000,7.00000,42.73593,-75.73593,0.17712
457.00000,454.00000,56.04271,0.00000,0.93072,8.17627,43.62556,16.69398,0.38991,12.32136,13.63476,15.08689,1.10262,1.51751,44.77010,21.59695,2.53107,1.02052,473.88473,0.03957,399.00000,2.00000,6.00000,4.00000,7.00000,3.00000,7.00000,0.00000,3.00000,8.00000,2.00000,9.00000,2.00000,42.74459,-75.74459,0.46777
88.00000,465.00000,32.97013,0.00000,19.51457,28.88781,30.12072,2.54482,1.87311,94.23504,2.43001,9.46852,0.41050,1.56781,29.32369,4.69336,10.05268,1.34768,476.92915,0.09554,244.00000,4.00000,5.00000,4.00000,4.00000,7.00000,8.00000,3.00000,4.00000,5.00000,8.00000,1.00000,3.00000,42.75325,-75.75325,0.81573
176.00000,18.00000,72.11129,0.00000,4.81119,37.55167,33.60548,8.00406,0.31717,33.82142,11.67488,5.21820,2.73096,1.49444,88.89222,8.27973,14.12674,0.73907,110.79791,0.08832,67.00000,2.00000,8.00000,1.00000,8.00000,7.00000,5.00000,8.00000,4.00000,7.00000,1.00000,8.00000,0.00000,42.76190,-75.76190,0.71870
909.00000,78.00000,75.14162,0.00000,8.32364,0.33590,41.46423,9.76115,0.36519,29.58876,15.73795,17.74254,16.96109,1.50495,65.62277,45.37004,10.05331,0.33975,355.78477,0.02192,0.00000,0.00000,4.00000,8.00000,9.00000,0.00000,8.00000,8.00000,0.00000,2.00000,9.00000,5.00000,1.00000,42.77056,-75.77056,0.08668
749.00000,15.00000,26.67855,0.00000,16.12252,26.95604,7.99455,16.23833,0.37957,66.74717,19.01964,2.43616,11.33353,1.06875,7.31954,27.43334,2.44797,1.44617,211.97608,0.06574,284.00000,1.00000,0.00000,7.00000,2.00000,9.00000,0.00000,7.00000,6.00000,3.00000,7.00000,2.00000,9.00000,42.77922,-75.77922,0.77283
127.00000,293.00000,53.21414,0.00000,8.42794,28.65008,41.26516,2.73194,0.86456,7.11851,3.16863,15.50171,7.84220,1.87601,15.52236,70.92538,0.56779,1.65064,483.82488,0.06400,199.00000,0.00000,1.00000,4.00000,9.00000,2.00000,8.00000,9.00000,2.00000,5.00000,2.00000,5.00000,0.00000,42.78788,-75.78788,0.66573
916.00000,188.00000,8.51356,0.00000,5.71663,21.63304,48.04512,11.47205,1.49954,63.51929,15.58724,1.46099,10.08619,1.04380,2.46293,19.29533,8.65604,0.39183,90.71788,0.02585,346.00000,3.00000,3.00000,1.00000,6.00000,8.00000,4.00000,1.00000,6.00000,3.00000,1.00000,2.00000,1.00000,42.79654,-75.79654,0.49907
452.00000,409.00000,47.34158,0.00000,6.74520,49.07826,44.07792,16.55228,1.83532,46.27321,13.73278,15.79125,7.24854,1.66034,69.28727,32.87609,18.60860,0.63854,143.82371,0.00707,143.00000,0.00000,4.00000,9.00000,3.00000,3.00000,0.00000,5.00000,3.00000,4.00000,8.00000,2.00000,2.00000,42.80519,-75.80519,0.18023
507.00000,83.00000,19.90560,0.00000,11.46929,1.70584,7.43353,19.33958,1.05813,66.74892,19.86236,0.39343,2.37640,0.83557,41.20783,2.75223,14.55617,0.27524,290.99823,0.05738,436.00000,0.00000,5.00000,4.00000,1.00000,8.00000,6.00000,2.00000,2.00000,4.00000,0.00000,4.00000,7.00000,42.81385,-75.81385,0.41737
192.00000,488.00000,51.01162,0.00000,11.30572,37.70896,35.45961,18.38995,1.41034,39.10882,4.31487,6.55296,19.18174,1.26602,21.27695,43.22509,17.96819,0.21901,169.84390,0.07546,56.00000,2.00000,3.00000,0.00000,6.00000,0.00000,0.00000,9.00000,7.00000,1.00000,8.00000,5.00000,2.00000,42.82251,-75.82251,0.24343
821.00000,116.00000,24.97177,0.00000,5.27718,7.21170,49.27777,5.38618,1.32847,61.27469,12.65051,2.19824,17.02461,0.13698,19.49239,56.15314,0.91411,1.64253,39.68800,0.06585,80.00000,1.00000,5.00000,9.00000,5.00000,3.00000,0.00000,4.00000,3.00000,9.00000,5.00000,4.00000,0.00000,42.83117,-75.83117,0.69340
431.00000,225.00000,97.50586,0.00000,1.77551,28.74084,0.90815,16.62044,0.96098,25.36420,7.98937,2.24454,1.91900,1.46712,59.09815,16.60636,19.36022,0.65305,453.72768,0.07999,375.00000,4.00000,8.00000,2.00000,8.00000,7.00000,2.00000,4.00000,3.00000,0.00000,2.00000,9.00000,3.00000,42.83983,-75.83983,0.44500
502.00000,88.00000,1.54034,0.00000,5.10068,22.79587,39.42608,7.07465,0.44257,92.24205,13.00754,15.73468,9.72308,0.43613,42.28663,50.90954,19.32242,1.56031,354.31085,0.06645,193.00000,4.00000,1.00000,3.00000,6.00000,4.00000,1.00000,7.00000,7.00000,9.00000,4.00000,6.00000,2.00000,42.84848,-75.84848,0.11389
754.00000,453.00000,98.43238,0.00000,0.92420,25.34517,18.44789,10.79790,0.66002,51.88709,14.47848,16.35198,10.42280,0.40242,14.76520,25.83325,19.01420,0.25483,208.67679,0.00611,137.00000,4.00000,3.00000,5.00000,7.00000,1.00000,8.00000,7.00000,7.00000,1.00000,4.00000,6.00000,2.00000,42.85714,-75.85714,0.02787
250.00000,251.00000,47.70605,0.00000,14.30500,10.38928,4.13027,10.56667,0.56426,28.86834,13.91819,19.13648,16.16135,0.19479,60.05406,79.83073,8.43247,0.17903,376.24318,0.09348,369.00000,1.00000,7.00000,0.00000,6.00000,5.00000,7.00000,0.00000,5.00000,8.00000,7.00000,1.00000,8.00000,42.86580,-75.86580,0.04595
137.00000,115.00000,8.48312,0.00000,0.22510,29.30813,3.45792,14.02707,0.32898,60.48712,3.59085,7.03760,2.83408,1.62633,67.38436,31.35460,1.54227,1.54498,445.29450,0.05529,440.00000,0.00000,0.00000,0.00000,7.00000,3.00000,5.00000,3.00000,0.00000,5.00000,9.00000,9.00000,9.00000,42.87446,-75.87446,0.45599
861.00000,58.00000,62.99649,0.00000,8.99488,21.01993,24.16737,4.18491,0.51070,60.95240,7.64964,1.90516,18.29180,1.17516,83.77749,50.54794,5.87477,1.35674,485.33254,0.07227,472.00000,0.00000,4.00000,3.00000,5.00000,1.00000,4.00000,9.00000,1.00000,3.00000,1.00000,8.00000,6.00000,42.88312,-75.88312,0.61549
875.00000,284.00000,29.21701,0.00000,3.89331,25.64133,23.45129,8.35369,0.24007,23.70413,9.53800,9.55185,2.28865,0.37861,35.08855,76.13685,16.50377,1.35195,227.86850,0.09720,367.00000,0.00000,2.00000,9.00000,0.00000,6.00000,8.00000,5.00000,4.00000,3.00000,6.00000,2.00000,8.00000,42.89177,-75.89177,0.14822
260.00000,447.00000,69.48294,0.00000,2.72908,45.93818,32.52000,4.59883,1.64987,15.90986,13.12166,17.11073,15.43579,0.18401,33.10231,32.49550,12.36076,0.16145,256.32010,0.00614,395.00000,2.00000,8.00000,8.00000,5.00000,2.00000,1.00000,7.00000,7.00000,8.00000,9.00000,8.00000,3.00000,42.90043,-75.90043,0.48047
584.00000,205.00000,8.73670,0.00000,7.44579,20.47439,15.49842,10.67563,1.15925,81.82735,19.32032,19.97293,5.89017,1.46688,94.88845,44.46053,1.93318,1.73183,72.33969,0.06233,56.00000,4.00000,4.00000,3.00000,3.00000,7.00000,4.00000,9.00000,0.00000,9.00000,6.00000,0.00000,4.00000,42.90909,-75.90909,0.96268
32.00000,232.00000,97.86527,0.00000,9.49841,47.82188,5.76865,16.65301,0.70488,30.91919,16.54185,18.50922,4.43057,0.56870,74.93495,19.57332,15.82839,0.61367,235.29840,0.04756,484.00000,1.00000,8.00000,4.00000,8.00000,0.00000,7.00000,2.00000,8.00000,5.00000,5.00000,1.00000,2.00000,42.91775,-75.91775,0.38905
827.00000,81.00000,67.95270,0.00000,8.86665,48.90016,43.45874,8.79175,1.39566,76.04059,6.97871,2.07951,17.01793,1.91865,97.47263,57.51890,18.70066,1.47254,390.26429,0.01146,342.00000,2.00000,9.00000,7.00000,6.00000,6.00000,9.00000,0.00000,4.00000,0.00000,6.00000,6.00000,7.00000,42.92641,-75.92641,0.37374
391.00000,182.00000,69.40264,0.00000,18.45907,43.69198,35.85503,15.16429,0.94694,61.36244,7.75701,0.89554,19.17942,1.54346,80.29681,73.75986,4.48668,0.52976,196.57549,0.01251,22.00000,1.00000,8.00000,1.00000,7.00000,4.00000,3.00000,2.00000,8.00000,2.00000,8.00000,6.00000,0.00000,42.93506,-75.93506,0.47753
856.00000,398.00000,46.14218,0.00000,12.64791,12.89915,36.55705,0.01410,1.70668,29.64007,16.03005,14.03701,3.14651,1.04737,27.87891,12.93178,10.28991,1.00873,371.50767,0.00504,474.00000,4.00000,4.00000,3.00000,6.00000,6.00000,7.00000,0.00000,0.00000,5.00000,2.00000,6.00000,8.00000,42.94372,-75.94372,0.54507
884.00000,210.00000,41.76254,0.00000,19.88779,27.42597,38.03825,4.27447,0.69924,35.28359,14.50241,14.94343,6.72288,1.76542,26.41542,48.03865,17.76051,0.93931,91.50094,0.04456,345.00000,1.00000,6.00000,1.00000,4.00000,9.00000,2.00000,5.00000,9.00000,2.00000,4.00000,2.00000,1.00000,42.95238,-75.95238,0.42022
699.00000,261.00000,75.69165,0.00000,5.32787,26.07165,30.23471,16.38381,1.89769,75.51099,18.21797,0.41022,6.71236,1.12715,26.90849,68.41464,9.59126,1.72054,151.86256,0.00256,472.00000,1.00000,9.00000,4.00000,7.00000,7.00000,5.00000,9.00000,2.00000,0.00000,1.00000,0.00000,2.00000,42.96104,-75.96104,0.01746
302.00000,151.00000,98.45148,0.00000,3.93905,30.21920,19.03851,12.23782,1.80092,95.76743,2.38410,12.71383,15.44760,0.96204,74.20042,67.25184,7.38496,0.24864,383.65311,0.06259,477.00000,3.00000,3.00000,4.00000,8.00000,6.00000,3.00000,3.00000,3.00000,1.00000,9.00000,4.00000,2.00000,42.96970,-75.96970,0.39172
80.00000,239.00000,51.59184,0.00000,2.51745,19.02969,3.94479,11.06570,1.91278,66.58917,16.20906,8.67645,12.32953,1.39349,37.58533,27.07546,5.06747,0.70201,174.59013,0.03853,476.00000,0.00000,4.00000,8.00000,2.00000,4.00000,2.00000,4.00000,6.00000,1.00000,4.00000,2.00000,2.00000,42.97835,-75.97835,0.11885
925.00000,423.00000,78.94593,0.00000,9.02467,19.04633,47.20075,17.52078,1.20605,27.88472,1.30609,0.20978,13.94527,1.16376,44.00105,77.48473,8.63740,1.16962,202.11477,0.03392,113.00000,0.00000,6.00000,0.00000,0.00000,4.00000,5.00000,1.00000,3.00000,5.00000,8.00000,0.00000,9.00000,42.98701,-75.98701,0.88612
484.00000,283.00000,8.54860,0.00000,3.41729,24.19276,9.96943,17.24479,1.48645,6.79443,2.73999,7.95975,18.73343,0.76649,3.24840,16.60369,11.91129,0.27939,84.43416,0.02741,346.00000,4.00000,0.00000,5.00000,5.00000,1.00000,6.00000,4.00000,5.00000,1.00000,7.00000,3.00000,9.00000,42.99567,-75.99567,0.00661
208.00000,488.00000,9.75089,0.00000,10.05508,24.47128,28.22830,13.65729,0.27253,32.75190,1.64016,11.96124,17.87792,1.35085,87.84176,77.72489,14.55857,0.50973,283.57550,0.08774,418.00000,4.00000,1.00000,7.00000,7.00000,7.00000,3.00000,2.00000,7.00000,8.00000,7.00000,9.00000,2.00000,43.00433,-76.00433,0.93506
423.00000,131.00000,10.36851,0.00000,1.83236,24.17081,38.01471,4.50044,0.87895,60.15344,1.81418,8.59822,18.63465,1.40968,41.66999,60.44099,10.28339,0.47512,19.33857,0.02513,339.00000,0.00000,2.00000,1.00000,2.00000,4.00000,9.00000,3.00000,5.00000,0.00000,1.00000,3.00000,6.00000,43.01299,-76.01299,0.91691
209.00000,323.00000,59.16262,0.00000,13.59752,27.32963,3.95427,10.63416,0.28865,59.77781,2.31550,9.29639,11.28573,1.59769,10.09493,37.51678,12.20777,0.56146,206.47649,0.07758,190.00000,1.00000,8.00000,2.00000,9.00000,2.00000,3.00000,4.00000,8.00000,2.00000,1.00000,7.00000,2.00000,43.02165,-76.02165,0.76409
989.00000,11.00000,81.12288,0.00000,19.69386,14.87124,27.39606,17.38463,0.59036,79.09706,4.97500,3.83032,11.48672,1.33569,24.20270,25.55594,13.52783,0.57611,77.83248,0.00158,452.00000,4.00000,5.00000,4.00000,6.00000,6.00000,7.00000,0.00000,2.00000,5.00000,5.00000,7.00000,8.00000,43.03030,-76.03030,0.44478
229.00000,310.00000,64.74741,0.00000,5.46277,10.44997,49.36726,6.38144,0.82568,30.78261,10.05136,6.57189,18.51740,1.65107,46.36317,7.21025,11.30190,0.89983,172.86905,0.05201,348.00000,2.00000,7.00000,4.00000,5.00000,8.00000,9.00000,2.00000,1.00000,7.00000,6.00000,9.00000,3.00000,43.03896,-76.03896,0.56098
209.00000,474.00000,98.14341,0.00000,3.79452,2.92983,44.25790,3.51705,0.80833,40.30384,10.31835,15.90629,4.92746,0.85078,68.61577,8.40090,4.92636,1.95296,157.05180,0.08594,131.00000,2.00000,6.00000,7.00000,7.00000,9.00000,4.00000,2.00000,2.00000,3.00000,0.00000,1.00000,9.00000,43.04762,-76.04762,0.82430
21.00000,271.00000,77.44710,0.00000,2.07733,9.13637,47.37463,16.35734,1.97360,65.28319,6.78443,0.40641,4.37775,0.81027,11.93441,21.45253,1.63901,0.66049,255.56601,0.06177,46.00000,2.00000,0.00000,9.00000,9.00000,9.00000,3.00000,5.00000,5.00000,2.00000,5.00000,8.00000,7.00000,43.05628,-76.05628,0.89191
482.00000,430.00000,44.37684,0.00000,17.49130,27.58840,1.52466,5.45449,0.44875,47.32252,1.70431,15.16524,0.34553,0.58371,58.87853,38.89871,18.90465,1.13088,415.39186,0.08783,152.00000,1.00000,5.00000,1.00000,0.00000,3.00000,5.00000,8.00000,9.00000,9.00000,5.00000,8.00000,3.00000,43.06494,-76.06494,0.28508
928.00000,76.00000,71.09738,0.00000,3.36432,47.60249,32.34664,4.43353,1.44750,32.13354,6.89878,2.37657,4.80996,1.05583,30.46974,35.26556,9.81058,1.43834,241.16538,0.09921,380.00000,3.00000,8.00000,7.00000,5.00000,0.00000,0.00000,8.00000,6.00000,3.00000,2.00000,1.00000,9.00000,43.07359,-76.07359,0.70698
661.00000,495.00000,13.45659,0.00000,5.35800,44.02232,2.02230,12.94378,1.28998,88.81434,5.69997,19.50435,3.41323,1.98116,82.24052,67.88677,11.77585,1.21757,488.50085,0.07319,261.00000,1.00000,7.00000,0.00000,0.00000,0.00000,0.00000,7.00000,9.00000,6.00000,9.00000,2.00000,8.00000,43.08225,-76.08225,0.57606
581.00000,198.00000,39.55484,0.00000,13.95205,41.43289,15.43893,7.61642,0.57242,89.06208,16.50506,5.11026,7.65793,0.44626,95.97404,65.10414,3.16222,0.64483,459.78105,0.04756,251.00000,2.00000,8.00000,6.00000,2.00000,0.00000,5.00000,2.00000,1.00000,6.00000,9.00000,1.00000,3.00000,43.09091,-76.09091,0.88810
511.00000,34.00000,46.93160,0.00000,18.22196,35.04835,0.66930,6.73882,1.13857,27.35158,2.81685,19.79974,18.80267,1.76330,16.74813,77.41282,13.83316,1.10330,306.24149,0.03876,183.00000,2.00000,2.00000,1.00000,2.00000,0.00000,4.00000,0.00000,3.00000,3.00000,7.00000,0.00000,8.00000,43.09957,-76.09957,0.64255
767.00000,394.00000,25.31897,0.00000,15.84789,2.36923,0.73135,3.57667,0.47399,57.12338,3.66561,7.07395,16.25373,0.83380,24.70853,34.70827,17.21117,0.65859,442.39279,0.07531,342.00000,3.00000,1.00000,7.00000,3.00000,3.00000,4.00000,6.00000,1.00000,2.00000,7.00000,9.00000,8.00000,43.10823,-76.10823,0.04467
193.00000,395.00000,32.72606,0.00000,2.36881,36.64404,3.08942,4.90956,0.61787,37.46717,3.77412,15.64512,17.95371,0.63897,38.95416,53.88167,19.29683,0.56720,459.95899,0.09586,93.00000,0.00000,2.00000,4.00000,3.00000,8.00000,5.00000,1.00000,9.00000,5.00000,6.00000,8.00000,2.00000,43.11688,-76.11688,0.82144
651.00000,161.00000,22.80788,0.00000,17.08892,15.55087,17.22965,1.51673,1.12840,43.83785,6.14976,19.64947,18.73415,1.83660,1.06038,9.54367,9.46253,1.67559,53.05194,0.02284,109.00000,4.00000,3.00000,2.00000,7.00000,3.00000,9.00000,0.00000,2.00000,3.00000,0.00000,1.00000,4.00000,43.12554,-76.12554,0.44228
857.00000,69.00000,79.94581,0.00000,9.23784,40.10591,19.45367,16.75089,0.41211,94.74739,3.03415,11.98476,11.21523,1.09329,86.37883,66.65701,19.72253,0.63969,4.34205,0.04850,177.00000,0.00000,4.00000,3.00000,3.00000,3.00000,5.00000,1.00000,1.00000,7.00000,9.00000,7.00000,4.00000,43.13420,-76.13420,0.74704
731.00000,308.00000,47.62781,0.00000,1.23833,31.08288,4.86034,6.54567,1.07724,90.82584,11.28690,9.07862,7.13467,1.03455,8.17913,30.97273,7.16524,1.22783,408.19736,0.08031,77.00000,4.00000,8.00000,0.00000,9.00000,8.00000,9.00000,7.00000,0.00000,6.00000,2.00000,9.00000,7.00000,43.14286,-76.14286,0.14628
776.00000,314.00000,35.07248,0.00000,13.03214,36.43927,45.15432,6.92471,1.49437,14.27076,10.56057,19.06530,17.71494,1.70756,40.05386,77.18734,12.59733,0.24075,338.29299,0.03239,497.00000,2.00000,8.00000,5.00000,3.00000,2.00000,2.00000,9.00000,4.00000,9.00000,0.00000,5.00000,6.00000,43.15152,-76.15152,0.32318
907.00000,289.00000,31.76163,0.00000,11.63140,31.27385,45.04694,16.44526,0.88652,77.00747,5.03717,8.04903,6.09423,1.97326,90.93408,8.58582,19.54720,0.43154,381.05917,0.02973,381.00000,1.00000,6.00000,5.00000,1.00000,9.00000,1.00000,5.00000,2.00000,5.00000,3.00000,3.00000,0.00000,43.16017,-76.16017,0.61686
848.00000,102.00000,52.41759,0.00000,4.14054,25.73430,10.11723,8.11302,0.14138,70.06992,10.80685,0.21147,3.60635,0.57942,33.62616,20.23991,13.94929,0.58978,193.37219,0.00294,262.00000,2.00000,3.00000,0.00000,4.00000,3.00000,5.00000,8.00000,1.00000,3.00000,8.00000,5.00000,5.00000,43.16883,-76.16883,0.91187
417.00000,144.00000,24.75096,0.00000,19.62980,16.44599,9.87527,7.24642,0.84867,95.50778,8.29310,17.74665,19.53439,0.55467,3.46088,54.85120,14.72088,1.15524,493.03313,0.08722,135.00000,4.00000,6.00000,7.00000,9.00000,7.00000,8.00000,1.00000,1.00000,0.00000,2.00000,8.00000,2.00000,43.17749,-76.17749,0.79785
63.00000,185.00000,41.81313,0.00000,13.24775,41.24981,9.14931,4.48545,1.01819,20.54639,9.06213,7.32812,17.63498,0.85201,72.87970,46.51428,2.43029,1.89102,32.08527,0.03124,408.00000,2.00000,9.00000,2.00000,4.00000,4.00000,9.00000,6.00000,6.00000,9.00000,1.00000,5.00000,6.00000,43.18615,-76.18615,0.99568
756.00000,27.00000,66.76321,0.00000,1.53553,4.72556,36.44841,14.58483,0.33831,3.69245,17.53206,7.34655,6.80106,0.23902,60.06969,50.54755,18.69768,1.83685,356.18562,0.06127,188.00000,4.00000,9.00000,0.00000,4.00000,5.00000,3.00000,8.00000,7.00000,7.00000,5.00000,7.00000,5.00000,43.19481,-76.19481,0.83901
157.00000,477.00000,5.44779,0.00000,16.68714,19.85205,0.44622,12.45161,0.50777,97.17632,13.50495,5.31569,15.72384,1.93927,78.24521,25.30417,4.14452,0.03493,323.59244,0.09883,97.00000,1.00000,2.00000,5.00000,1.00000,5.00000,0.00000,3.00000,1.00000,8.00000,4.00000,7.00000,6.00000,43.20346,-76.20346,0.30265
472.00000,214.00000,77.40340,0.00000,11.85714,4.23419,29.37674,1.50161,0.10232,98.73029,7.47136,4.96138,19.05893,0.52649,1.38328,35.33610,3.48870,0.45386,325.31023,0.01657,291.00000,3.00000,7.00000,4.00000,6.00000,8.00000,3.00000,0.00000,1.00000,3.00000,3.00000,3.00000,0.00000,43.21212,-76.21212,0.19294
417.00000,475.00000,77.27922,0.00000,15.52326,4.71561,23.05089,1.42196,1.47901,17.34850,12.95342,8.10087,13.93581,1.29353,50.02878,69.62125,0.71443,0.81422,10.05212,0.03291,227.00000,3.00000,3.00000,1.00000,4.00000,0.00000,1.00000,1.00000,6.00000,7.00000,1.00000,0.00000,2.00000,43.22078,-76.22078,0.72693
769.00000,9.00000,13.81559,0.00000,4.91967,29.64523,19.01030,9.46053,1.61520,78.69368,7.41455,18.23126,17.78840,1.09106,75.99061,73.89763,11.25239,0.67415,198.66270,0.02680,242.00000,2.00000,2.00000,5.00000,8.00000,9.00000,0.00000,0.00000,2.00000,7.00000,3.00000,0.00000,8.00000,43.22944,-76.22944,0.56109
486.00000,457.00000,69.31742,0.00000,13.60201,22.16007,40.97986,0.74409,1.56892,50.30763,9.69292,3.49334,6.48233,0.04644,40.72897,41.07382,8.31316,0.70305,88.88322,0.08421,214.00000,0.00000,8.00000,0.00000,5.00000,0.00000,9.00000,6.00000,1.00000,1.00000,5.00000,7.00000,8.00000,43.23810,-76.23810,0.14923
5.00000,495.00000,95.32535,0.00000,15.19979,45.39596,27.97946,0.39228,0.04678,33.19538,6.77927,4.46527,12.05555,0.06469,13.76421,25.58175,16.21085,0.72148,80.27876,0.08245,388.00000,4.00000,0.00000,3.00000,5.00000,8.00000,1.00000,8.00000,9.00000,5.00000,9.00000,9.00000,6.00000,43.24675,-76.24675,0.62020
647.00000,141.00000,6.74367,0.00000,7.19448,24.91751,15.05204,16.53168,0.24023,23.98775,16.85143,17.83570,3.17843,0.29672,20.85390,40.95162,19.28491,1.08252,43.83373,0.00502,469.00000,4.00000,1.00000,2.00000,2.00000,8.00000,8.00000,9.00000,4.00000,8.00000,9.00000,9.00000,6.00000,43.25541,-76.25541,0.31691
808.00000,87.00000,94.81110,0.00000,8.47096,24.68288,26.81754,12.12975,1.91493,95.08697,18.54003,8.04536,3.25034,1.75477,67.01956,21.44510,7.58981,0.85664,340.85180,0.05994,202.00000,1.00000,1.00000,5.00000,6.00000,5.00000,8.00000,3.00000,6.00000,6.00000,4.00000,8.00000,3.00000,43.26407,-76.26407,0.08306
655.00000,407.00000,52.14027,0.00000,15.26628,17.52982,42.66865,2.23277,0.96452,70.99258,14.45200,14.02097,4.16009,0.87130,1.69222,31.83631,2.78131,1.85305,378.73368,0.09979,150.00000,0.00000,8.00000,3.00000,7.00000,9.00000,6.00000,3.00000,8.00000,9.00000,0.00000,9.00000,7.00000,43.27273,-76.27273,0.53492
331.00000,368.00000,96.15037,0.00000,6.60698,43.83660,48.82047,4.13340,0.43030,26.35888,17.62357,17.50726,2.15565,1.27170,79.45091,40.00489,9.46158,1.49815,450.48325,0.07252,351.00000,4.00000,9.00000,2.00000,6.00000,0.00000,6.00000,0.00000,7.00000,4.00000,8.00000,9.00000,6.00000,43.28139,-76.28139,0.94306
390.00000,192.00000,11.99914,0.00000,4.80048,32.81613,28.35484,1.46375,0.70113,58.90595,10.94448,13.57438,2.16721,1.88135,60.95301,64.23438,16.17363,1.48284,392.15424,0.06497,476.00000,1.00000,9.00000,6.00000,2.00000,1.00000,5.00000,2.00000,5.00000,4.00000,3.00000,2.00000,6.00000,43.29004,-76.29004,0.94948
714.00000,171.00000,97.40855,0.00000,12.67551,26.14599,11.81989,10.82895,0.62491,87.64670,7.58340,16.43992,10.87632,1.29487,61.24182,41.18032,9.51090,1.73187,299.34040,0.09110,473.00000,3.00000,2.00000,6.00000,2.00000,2.00000,3.00000,7.00000,8.00000,7.00000,4.00000,9.00000,9.00000,43.29870,-76.29870,0.15179
684.00000,455.00000,81.58172,0.00000,3.50099,18.32476,7.69485,15.16271,0.35132,66.32984,14.94981,2.62058,7.97469,1.07183,92.69947,52.71826,10.75207,0.53626,268.78724,0.08065,297.00000,4.00000,9.00000,6.00000,3.00000,3.00000,9.00000,6.00000,6.00000,5.00000,0.00000,8.00000,8.00000,43.30736,-76.30736,0.98786
569.00000,383.00000,43.62325,0.00000,17.17121,9.66272,36.41387,8.94810,1.17832,67.73634,2.86710,7.02401,1.62793,1.53164,38.60423,31.48817,3.58816,1.71792,306.53528,0.01623,386.00000,0.00000,3.00000,8.00000,1.00000,7.00000,7.00000,0.00000,4.00000,1.00000,4.00000,4.00000,6.00000,43.31602,-76.31602,0.74280
757.00000,46.00000,32.77688,0.00000,0.44467,13.56536,4.56364,6.66812,1.85587,67.16554,12.29379,2.34393,5.84009,1.94986,68.47472,55.16938,3.60085,1.08469,266.52513,0.04186,8.00000,2.00000,1.00000,3.00000,9.00000,3.00000,4.00000,3.00000,9.00000,6.00000,2.00000,4.00000,9.00000,43.32468,-76.32468,0.84438
165.00000,348.00000,70.08673,0.00000,7.00661,32.80978,5.51519,0.05875,0.45489,59.02467,7.17698,1.00230,6.54275,1.91758,31.31790,67.27656,11.68533,0.91084,303.49416,0.01345,393.00000,3.00000,8.00000,5.00000,0.00000,9.00000,5.00000,9.00000,4.00000,0.00000,3.00000,8.00000,6.00000,43.33333,-76.33333,0.52769
175.00000,409.00000,32.94677,0.00000,17.78874,9.36226,3.88469,11.25942,0.59044,96.42331,14.40371,11.78717,11.69876,1.61611,32.27836,36.71451,3.54743,0.26149,91.18817,0.07736,429.00000,4.00000,3.00000,8.00000,9.00000,0.00000,3.00000,8.00000,8.00000,1.00000,7.00000,5.00000,5.00000,43.34199,-76.34199,0.23022
714.00000,375.00000,7.75987,0.00000,6.67897,33.83386,22.26066,16.69880,1.46878,93.28690,6.15630,11.56075,4.71346,1.04690,32.19396,15.14512,10.50020,1.70872,64.50874,0.05179,94.00000,3.00000,6.00000,6.00000,5.00000,1.00000,1.00000,9.00000,7.00000,3.00000,5.00000,2.00000,0.00000,43.35065,-76.35065,0.68250
472.00000,22.00000,89.53066,0.00000,19.60668,47.30344,3.84542,2.89554,0.34171,31.67750,2.12109,10.66136,15.30349,1.49281,37.64015,58.82458,4.14574,0.91467,59.80192,0.00759,223.00000,0.00000,1.00000,0.00000,4.00000,7.00000,8.00000,8.00000,7.00000,8.00000,1.00000,6.00000,8.00000,43.35931,-76.35931,0.15219
558.00000,180.00000,52.01487,0.00000,6.13061,25.94803,49.22553,1.19398,0.88587,34.82772,3.93724,8.14134,1.35893,0.61920,66.52445,52.50949,2.95092,0.63310,289.26551,0.02760,438.00000,1.00000,5.00000,7.00000,5.00000,2.00000,6.00000,9.00000,5.00000,6.00000,5.00000,2.00000,7.00000,43.36797,-76.36797,0.23028
707.00000,326.00000,47.43266,0.00000,7.33010,33.09250,15.21363,16.63259,0.66598,78.81638,8.75867,8.72632,6.03732,0.34460,28.10733,6.77027,7.75447,1.12223,192.47264,0.05768,216.00000,0.00000,2.00000,3.00000,6.00000,2.00000,3.00000,0.00000,4.00000,1.00000,1.00000,5.00000,8.00000,43.37662,-76.37662,0.75078
747.00000,190.00000,38.35584,0.00000,2.48549,18.00705,6.74889,3.62584,1.74894,43.76469,11.13465,14.21804,14.02901,0.18642,8.68481,15.35743,14.20331,0.66294,321.39193,0.05387,84.00000,4.00000,6.00000,7.00000,0.00000,4.00000,9.00000,4.00000,0.00000,8.00000,6.00000,8.00000,7.00000,43.38528,-76.38528,0.26928
42.00000,476.00000,58.77912,0.00000,7.59350,22.56377,18.52890,1.56457,0.47343,30.94431,6.97395,9.68084,6.27042,1.40286,4.29499,18.26338,5.31336,0.07707,122.40112,0.01955,203.00000,4.00000,5.00000,2.00000,0.00000,0.00000,6.00000,1.00000,3.00000,0.00000,6.00000,4.00000,8.00000,43.39394,-76.39394,0.35764
363.00000,327.00000,59.71142,0.00000,15.94374,25.80838,20.88786,14.47483,0.88549,10.54295,13.33201,19.64857,16.99697,1.39719,10.54380,10.56686,9.66281,0.02015,358.61265,0.09808,33.00000,3.00000,1.00000,7.00000,2.00000,0.00000,3.00000,9.00000,8.00000,8.00000,5.00000,1.00000,1.00000,43.40260,-76.40260,0.07158
971.00000,125.00000,56.29736,0.00000,10.07217,29.07667,39.27634,16.89714,0.20797,89.99625,13.56214,19.66804,3.12121,0.01931,97.91447,26.42888,12.05002,1.08672,277.33575,0.07461,147.00000,0.00000,4.00000,9.00000,1.00000,9.00000,5.00000,4.00000,1.00000,5.00000,9.00000,9.00000,8.00000,43.41126,-76.41126,0.28970
786.00000,240.00000,83.38920,0.00000,0.01794,3.92749,2.89866,18.24815,1.54560,19.30773,4.42303,9.68845,8.65772,1.79524,56.38822,62.58305,5.76958,0.33052,343.62927,0.09788,64.00000,1.00000,3.00000,9.00000,3.00000,8.00000,0.00000,0.00000,4.00000,4.00000,5.00000,1.00000,1.00000,43.41991,-76.41991,0.34819
164.00000,413.00000,70.26840,0.00000,19.94083,44.67955,38.50548,0.12038,1.79892,69.20905,18.03959,4.91417,16.90075,0.81752,54.07831,15.71173,18.80835,0.91767,103.55552,0.04726,199.00000,1.00000,7.00000,2.00000,9.00000,1.00000,1.00000,2.00000,3.00000,1.00000,6.00000,4.00000,8.00000,43.42857,-76.42857,0.35071
860.00000,115.00000,71.77172,0.00000,7.84260,17.28311,30.47591,0.15394,0.22260,62.46651,5.22253,17.84243,18.03982,1.59930,77.32247,29.43061,19.30066,1.21904,84.85640,0.08431,383.00000,4.00000,7.00000,3.00000,0.00000,4.00000,6.00000,1.00000,4.00000,5.00000,8.00000,5.00000,1.00000,43.43723,-76.43723,0.45355
507.00000,18.00000,0.75894,0.00000,15.14570,10.71216,1.29701,3.05495,1.15785,90.56220,11.72907,15.36734,17.64287,1.53199,18.80264,41.92069,7.07353,1.41234,192.23279,0.07183,208.00000,1.00000,0.00000,3.00000,3.00000,8.00000,4.00000,1.00000,0.00000,9.00000,6.00000,3.00000,8.00000,43.44589,-76.44589,0.54745
807.00000,46.00000,18.40230,0.00000,8.22802,43.42746,31.73600,17.35456,1.18411,21.33993,1.94337,17.31783,11.48738,1.75564,79.36322,73.86789,16.91447,1.97697,134.54287,0.09934,478.00000,4.00000,5.00000,7.00000,9.00000,4.00000,2.00000,1.00000,2.00000,3.00000,6.00000,1.00000,1.00000,43.45455,-76.45455,0.02132
468.00000,150.00000,98.28943,0.00000,7.08490,19.84916,30.20996,6.20198,1.25717,95.22912,15.91311,1.45199,5.64229,1.28213,3.64353,52.56538,9.89262,0.98666,376.16232,0.01886,235.00000,3.00000,5.00000,1.00000,6.00000,5.00000,8.00000,9.00000,0.00000,8.00000,0.00000,0.00000,2.00000,43.46320,-76.46320,0.66958
911.00000,12.00000,11.83416,0.00000,8.79700,1.76711,23.45711,19.90839,1.11959,63.75987,5.58753,11.62531,14.10152,1.03388,23.15492,46.62060,4.12484,0.17075,72.49780,0.00125,173.00000,2.00000,3.00000,5.00000,7.00000,5.00000,1.00000,6.00000,9.00000,3.00000,7.00000,1.00000,3.00000,43.47186,-76.47186,0.74716
731.00000,378.00000,76.32518,0.00000,14.23633,38.15353,7.04992,5.73955,0.96107,14.74917,6.88025,10.47560,15.20968,0.95251,32.10914,36.29979,15.83410,1.21006,45.97173,0.09288,265.00000,4.00000,1.00000,7.00000,5.00000,7.00000,5.00000,4.00000,8.00000,5.00000,0.00000,0.00000,8.00000,43.48052,-76.48052,0.58843
51.00000,423.00000,35.25989,0.00000,1.27292,33.19419,11.19135,10.57263,0.95352,88.59155,2.60419,7.26667,13.56221,0.26368,24.03601,4.48565,2.36551,0.36716,440.17698,0.04865,92.00000,2.00000,9.00000,8.00000,7.00000,3.00000,5.00000,2.00000,9.00000,4.00000,0.00000,2.00000,0.00000,43.48918,-76.48918,0.54569
584.00000,43.00000,50.53434,0.00000,16.79275,46.29458,23.66590,9.03154,1.78973,19.65043,0.13942,8.65333,5.01378,1.09163,83.86843,13.47932,1.19193,1.40444,223.47761,0.06987,22.00000,2.00000,8.00000,9.00000,2.00000,7.00000,9.00000,6.00000,1.00000,7.00000,6.00000,2.00000,5.00000,43.49784,-76.49784,0.72500
676.00000,26.00000,79.42910,0.00000,8.81996,28.78128,38.19761,19.46067,0.93175,19.60499,11.10704,5.04881,14.59883,0.54127,57.06678,67.83436,8.27570,0.01278,451.25696,0.01444,135.00000,4.00000,1.00000,2.00000,9.00000,3.00000,3.00000,2.00000,4.00000,3.00000,5.00000,4.00000,7.00000,43.50649,-76.50649,0.22704
791.00000,498.00000,9.91929,0.00000,6.16500,9.14089,45.78443,6.67091,1.99202,45.17396,6.22100,10.05166,14.13592,0.79149,91.14699,44.71206,5.53482,0.20651,147.51918,0.01321,19.00000,3.00000,7.00000,1.00000,1.00000,7.00000,0.00000,0.00000,7.00000,1.00000,1.00000,5.00000,3.00000,43.51515,-76.51515,0.30552
962.00000,63.00000,61.31777,0.00000,15.07252,46.94013,7.84482,0.81453,1.94369,62.86621,17.17060,1.44286,18.09819,1.60679,58.21402,64.64708,17.22338,0.08716,7.26473,0.09008,233.00000,2.00000,3.00000,9.00000,4.00000,4.00000,9.00000,8.00000,5.00000,0.00000,1.00000,6.00000,3.00000,43.52381,-76.52381,0.80204
667.00000,310.00000,62.07171,0.00000,18.01454,42.59834,28.11760,15.06696,1.05807,41.78175,3.67849,2.04659,15.67776,1.43630,64.69759,22.67196,5.24296,1.55179,351.57033,0.08600,115.00000,1.00000,5.00000,2.00000,3.00000,1.00000,2.00000,8.00000,7.00000,7.00000,6.00000,8.00000,8.00000,43.53247,-76.53247,0.13351
307.00000,272.00000,49.92518,0.00000,19.14473,49.39623,15.43397,15.34005,0.61263,31.92803,12.91046,7.60199,6.30115,0.51728,81.12074,27.66592,16.14276,0.98666,322.72221,0.09984,4.00000,3.00000,5.00000,3.00000,4.00000,9.00000,9.00000,8.00000,8.00000,7.00000,7.00000,0.00000,7.00000,43.54113,-76.54113,0.22395
583.00000,311.00000,82.08840,0.00000,12.62176,49.00865,48.65985,4.66611,1.34856,75.32156,8.57433,6.29777,4.53268,1.31642,11.77365,40.68046,1.94788,0.64249,6.72315,0.01427,208.00000,4.00000,6.00000,1.00000,1.00000,9.00000,6.00000,4.00000,0.00000,2.00000,6.00000,6.00000,0.00000,43.54978,-76.54978,0.68369
48.00000,392.00000,69.81972,0.00000,9.77598,45.22259,3.15160,6.14082,0.40419,69.19508,10.20269,1.83208,13.90755,0.89908,20.94700,15.26923,11.72523,1.03808,371.60028,0.00586,75.00000,2.00000,7.00000,2.00000,0.00000,9.00000,2.00000,9.00000,3.00000,8.00000,2.00000,5.00000,6.00000,43.55844,-76.55844,0.06656
596.00000,122.00000,98.67621,0.00000,2.47400,49.49064,11.83431,16.57955,0.62883,87.40174,11.65630,5.33842,11.52567,1.43659,43.48520,21.31637,14.81687,1.44274,257.75307,0.08446,142.00000,4.00000,0.00000,6.00000,1.00000,2.00000,7.00000,0.00000,6.00000,5.00000,1.00000,6.00000,0.00000,43.56710,-76.56710,0.71108
81.00000,0.00000,14.47188,0.00000,10.90422,0.89724,44.10850,14.88394,1.48280,12.56128,7.28761,10.06670,17.83172,0.19947,32.41223,55.72856,5.24278,0.71936,10.94272,0.03026,151.00000,0.00000,5.00000,0.00000,5.00000,8.00000,8.00000,1.00000,8.00000,9.00000,2.00000,6.00000,1.00000,43.57576,-76.57576,0.13323
81.00000,493.00000,31.83977,0.00000,8.24823,11.16362,7.06425,4.62010,1.12834,86.11025,1.28312,6.26538,15.19801,0.96590,50.56320,65.82911,12.67360,1.44827,115.06325,0.06084,155.00000,1.00000,1.00000,7.00000,9.00000,9.00000,5.00000,1.00000,0.00000,4.00000,2.00000,2.00000,6.00000,43.58442,-76.58442,0.04849
737.00000,279.00000,85.39055,0.00000,7.63186,25.24912,28.15584,18.71597,1.91129,36.84781,12.90779,4.47651,6.18278,1.78806,2.32671,20.58773,19.80157,1.88004,39.94788,0.08988,44.00000,4.00000,7.00000,6.00000,7.00000,1.00000,7.00000,2.00000,6.00000,6.00000,9.00000,4.00000,3.00000,43.59307,-76.59307,0.71535
140.00000,209.00000,81.61788,0.00000,14.99946,37.79036,43.41449,4.60684,1.14074,55.76729,6.70559,4.32917,16.54216,0.49331,53.20015,3.40629,5.42346,1.76848,112.11787,0.01319,257.00000,4.00000,1.00000,9.00000,8.00000,5.00000,7.00000,3.00000,6.00000,5.00000,9.00000,0.00000,8.00000,43.60173,-76.60173,0.46913
252.00000,64.00000,59.58759,0.00000,0.16122,21.42315,48.44568,14.14996,1.02293,88.98720,7.26616,0.83488,5.64481,1.13027,42.24144,47.38558,11.32081,1.23914,398.53101,0.06926,125.00000,1.00000,0.00000,3.00000,3.00000,6.00000,5.00000,7.00000,1.00000,9.00000,9.00000,2.00000,9.00000,43.61039,-76.61039,0.68330
391.00000,59.00000,19.23852,0.00000,18.01312,43.86295,41.03037,18.41545,0.89070,43.98239,14.63180,16.61341,13.53230,0.91143,76.61703,59.64179,17.10050,1.07820,55.73830,0.06241,437.00000,3.00000,6.00000,8.00000,1.00000,8.00000,7.00000,7.00000,7.00000,0.00000,9.00000,5.00000,0.00000,43.61905,-76.61905,0.65613
342.00000,298.00000,2.34869,0.00000,18.02316,11.70839,47.94953,16.04588,1.73348,62.04144,5.24166,7.69958,18.39445,0.93844,32.96968,23.35291,14.23666,1.67238,380.65099,0.08096,380.00000,0.00000,1.00000,2.00000,5.00000,6.00000,4.00000,0.00000,3.00000,2.00000,4.00000,3.00000,5.00000,43.62771,-76.62771,0.80667
713.00000,310.00000,96.59693,0.00000,19.33414,11.61468,28.89521,17.91124,1.90902,97.76011,4.74877,17.09144,9.08109,1.43585,7.12655,36.03426,8.97553,0.09608,350.40800,0.03001,437.00000,1.00000,2.00000,7.00000,8.00000,8.00000,3.00000,1.00000,3.00000,1.00000,8.00000,8.00000,7.00000,43.63636,-76.63636,0.22792
229.00000,211.00000,87.70273,0.00000,11.27392,6.86422,27.63702,0.57219,1.16675,10.85384,2.20092,6.02090,8.42853,1.66389,37.75408,58.08351,16.70208,1.87981,354.97335,0.04139,137.00000,3.00000,2.00000,7.00000,1.00000,5.00000,8.00000,7.00000,3.00000,6.00000,1.00000,4.00000,3.00000,43.64502,-76.64502,0.34926
102.00000,292.00000,35.31011,0.00000,0.43866,31.00812,47.20829,11.67965,1.57959,25.20692,9.37742,10.51274,2.47979,0.35697,36.56713,60.70641,13.34310,0.08289,136.36866,0.08152,185.00000,0.00000,9.00000,4.00000,3.00000,6.00000,0.00000,6.00000,6.00000,4.00000,9.00000,7.00000,7.00000,43.65368,-76.65368,0.16535
821.00000,488.00000,50.42754,0.00000,12.33858,27.74533,12.48168,13.08729,0.97990,44.90998,15.44235,12.06213,7.92281,1.01257,6.19435,15.07074,10.77039,1.59986,385.97904,0.02895,276.00000,2.00000,4.00000,4.00000,0.00000,4.00000,3.00000,1.00000,0.00000,3.00000,3.00000,5.00000,6.00000,43.66234,-76.66234,0.55176
653.00000,471.00000,41.62779,0.00000,11.40487,46.99097,16.66250,4.25062,0.39413,35.39473,19.09729,18.71759,18.89737,1.70013,63.50210,79.76644,2.42048,1.99304,378.17726,0.04063,312.00000,2.00000,3.00000,0.00000,5.00000,5.00000,5.00000,4.00000,0.00000,9.00000,2.00000,5.00000,2.00000,43.67100,-76.67100,0.22313
745.00000,312.00000,19.80939,0.00000,5.50107,26.10046,22.56075,6.98957,0.12472,55.29662,4.21965,14.65809,16.80078,1.12080,87.25595,24.57058,8.13271,1.72690,269.94583,0.06777,446.00000,4.00000,9.00000,1.00000,0.00000,1.00000,6.00000,7.00000,0.00000,9.00000,5.00000,8.00000,3.00000,43.67965,-76.67965,0.30538
680.00000,326.00000,37.90417,0.00000,17.83333,26.55272,29.07406,9.16052,1.82827,78.81159,14.05055,12.12224,18.93299,0.58567,92.85244,76.05091,2.44969,1.36167,412.68153,0.04120,144.00000,1.00000,9.00000,4.00000,9.00000,5.00000,6.00000,5.00000,3.00000,1.00000,6.00000,4.00000,0.00000,43.68831,-76.68831,0.38600
799.00000,451.00000,98.99496,0.00000,15.24541,11.70650,25.22337,11.58859,0.05466,93.49728,10.91532,19.74221,9.26532,0.43763,89.77097,46.45432,14.81485,0.49429,244.96601,0.05601,191.00000,1.00000,1.00000,4.00000,9.00000,6.00000,5.00000,5.00000,8.00000,7.00000,2.00000,3.00000,7.00000,43.69697,-76.69697,0.57196
585.00000,334.00000,66.33854,0.00000,1.02210,10.74596,28.81729,11.26042,1.33909,49.63293,16.15783,13.56463,0.53221,0.78097,45.64151,68.50434,16.57019,0.75642,266.11867,0.09829,77.00000,1.00000,2.00000,1.00000,8.00000,0.00000,7.00000,9.00000,7.00000,5.00000,6.00000,8.00000,1.00000,43.70563,-76.70563,0.15321
758.00000,294.00000,86.28951,0.00000,0.12511,12.45882,45.65402,3.76816,0.77935,49.09361,14.02750,12.48769,8.75527,0.70981,83.22088,59.17018,14.46665,0.97177,359.87880,0.09757,319.00000,0.00000,5.00000,6.00000,3.00000,1.00000,1.00000,7.00000,1.00000,9.00000,0.00000,0.00000,0.00000,43.71429,-76.71429,0.57459
592.00000,446.00000,38.19244,0.00000,16.66583,33.67489,1.65403,1.12539,0.48439,23.55797,13.98552,12.84305,11.06434,1.21184,60.25316,19.42137,10.09135,1.48840,440.49622,0.08415,19.00000,0.00000,9.00000,4.00000,9.00000,8.00000,5.00000,2.00000,3.00000,6.00000,0.00000,9.00000,3.00000,43.72294,-76.72294,0.70957
979.00000,191.00000,16.91497,0.00000,4.03603,6.97165,7.67256,19.58369,0.73184,18.81381,17.95736,3.47020,17.49532,1.60689,55.76077,9.26055,2.20009,0.52031,474.48540,0.05064,256.00000,2.00000,0.00000,0.00000,8.00000,9.00000,2.00000,3.00000,1.00000,0.00000,4.00000,6.00000,1.00000,43.73160,-76.73160,0.68868
682.00000,228.00000,70.37093,0.00000,15.63489,18.48029,41.29027,14.66806,1.25124,28.81776,6.88197,3.34492,5.62912,1.67280,24.79623,60.50282,11.52223,1.18908,127.89698,0.02168,405.00000,1.00000,5.00000,1.00000,8.00000,2.00000,9.00000,3.00000,2.00000,7.00000,2.00000,4.00000,3.00000,43.74026,-76.74026,0.61148
56.00000,395.00000,92.72996,0.00000,10.96983,20.23619,4.90866,1.63195,0.07715,55.21916,14.79497,8.23776,16.77044,0.38015,8.22803,11.14755,18.71600,1.42406,40.29471,0.01473,394.00000,4.00000,2.00000,7.00000,9.00000,3.00000,6.00000,3.00000,0.00000,3.00000,0.00000,0.00000,5.00000,43.74892,-76.74892,0.52768
723.00000,110.00000,6.41273,0.00000,5.99091,23.88983,3.56245,15.31329,1.86008,7.86441,8.58998,15.98970,15.02205,1.13586,41.80308,13.58977,17.17062,0.78027,244.65470,0.06326,198.00000,3.00000,6.00000,5.00000,8.00000,6.00000,7.00000,5.00000,9.00000,3.00000,8.00000,3.00000,7.00000,43.75758,-76.75758,0.64034
161.00000,490.00000,2.62939,0.00000,2.09536,17.72132,35.02847,7.33746,1.23591,39.54723,14.02234,0.76846,16.83271,1.34772,24.71823,61.37728,5.29285,1.47254,235.25226,0.07240,235.00000,3.00000,2.00000,7.00000,8.00000,0.00000,7.00000,4.00000,8.00000,2.00000,0.00000,5.00000,3.00000,43.76623,-76.76623,0.21795
722.00000,240.00000,26.44227,0.00000,1.02478,27.23353,30.23612,1.65720,1.68930,93.62897,17.74437,5.40778,2.62942,0.36594,71.86915,15.79450,11.92188,1.97188,12.15723,0.05635,95.00000,2.00000,4.00000,3.00000,5.00000,0.00000,9.00000,0.00000,9.00000,1.00000,7.00000,9.00000,9.00000,43.77489,-76.77489,0.62006
993.00000,400.00000,38.47323,0.00000,14.77199,30.48943,36.32542,5.70244,1.19185,22.55151,0.58703,7.38543,16.14971,0.44708,77.92654,64.33138,9.23275,0.27407,55.19417,0.06201,155.00000,1.00000,1.00000,5.00000,7.00000,9.00000,5.00000,5.00000,7.00000,1.00000,1.00000,2.00000,2.00000,43.78355,-76.78355,0.60510
347.00000,28.00000,26.45516,0.00000,13.88384,16.74736,18.98114,15.68526,0.11189,93.21272,19.53189,9.46387,3.76641,1.26124,13.61966,26.03503,7.20345,0.67177,93.75041,0.00857,86.00000,3.00000,9.00000,9.00000,0.00000,8.00000,5.00000,1.00000,8.00000,3.00000,3.00000,0.00000,1.00000,43.79221,-76.79221,0.91505
980.00000,271.00000,0.71181,0.00000,9.52452,2.46722,29.20035,12.23220,0.09779,9.83546,15.50386,19.65605,12.39025,0.80471,88.89423,41.31909,11.64573,0.34220,280.57373,0.00494,318.00000,3.00000,1.00000,3.00000,2.00000,6.00000,9.00000,3.00000,6.00000,0.00000,5.00000,0.00000,2.00000,43.80087,-76.80087,0.64614
831.00000,145.00000,20.16994,0.00000,3.62219,17.47825,31.43643,10.24237,0.66088,54.43750,9.32544,14.53045,1.83234,0.07274,34.89295,74.18804,9.58038,0.57817,128.99427,0.06495,65.00000,0.00000,5.00000,7.00000,5.00000,4.00000,1.00000,4.00000,0.00000,0.00000,4.00000,1.00000,0.00000,43.80952,-76.80952,0.76048
238.00000,200.00000,5.71294,0.00000,10.79174,49.23465,23.99359,4.84192,0.73191,24.41843,10.80767,19.56934,14.07636,0.59547,2.14557,49.36544,18.45057,1.87384,2.88954,0.04766,63.00000,3.00000,0.00000,8.00000,5.00000,9.00000,2.00000,8.00000,9.00000,2.00000,9.00000,1.00000,4.00000,43.81818,-76.81818,0.94527
647.00000,270.00000,67.68319,0.00000,5.55694,3.23659,37.58472,16.54389,0.84637,59.39520,18.94392,0.50362,18.61452,1.69928,97.30695,74.77760,3.70387,1.79763,152.10393,0.01988,46.00000,2.00000,4.00000,8.00000,1.00000,8.00000,0.00000,5.00000,8.00000,4.00000,4.00000,7.00000,2.00000,43.82684,-76.82684,0.34105
139.00000,158.00000,74.44518,0.00000,5.50975,48.91635,12.97671,4.73095,1.18518,78.59512,4.39732,0.45703,15.02745,1.84890,63.13611,5.97397,9.75614,1.87007,238.48220,0.04564,249.00000,4.00000,2.00000,7.00000,9.00000,9.00000,6.00000,6.00000,8.00000,3.00000,7.00000,4.00000,1.00000,43.83550,-76.83550,0.65922
604.00000,15.00000,55.89536,0.00000,17.87902,33.06682,41.55114,16.12449,1.67261,42.44568,4.59846,18.85605,2.99018,1.37271,15.55298,50.68820,16.26164,1.38751,30.49512,0.00136,470.00000,0.00000,5.00000,7.00000,0.00000,7.00000,9.00000,9.00000,4.00000,1.00000,4.00000,8.00000,1.00000,43.84416,-76.84416,0.47333
317.00000,250.00000,95.91113,0.00000,7.41946,36.21031,3.57664,0.00331,0.60278,13.47322,8.95465,6.20738,19.65607,1.62256,8.86110,11.17751,17.31462,0.08440,69.57553,0.05297,134.00000,1.00000,8.00000,2.00000,0.00000,2.00000,7.00000,3.00000,8.00000,3.00000,6.00000,3.00000,1.00000,43.85281,-76.85281,0.18570
641.00000,140.00000,36.50875,0.00000,1.11610,15.45913,38.75656,7.36732,0.73190,60.65808,5.46840,7.52492,17.78366,0.11203,94.26400,79.57829,2.68817,1.34149,355.50507,0.00283,272.00000,4.00000,7.00000,6.00000,4.00000,4.00000,4.00000,0.00000,4.00000,7.00000,7.00000,3.00000,9.00000,43.86147,-76.86147,0.65469
298.00000,391.00000,51.42459,0.00000,12.89790,4.92764,6.48895,3.64785,0.85155,35.88562,7.71678,13.39820,7.54308,1.37664,79.55342,27.97417,4.58236,1.72048,352.92693,0.08825,214.00000,0.00000,5.00000,2.00000,2.00000,9.00000,7.00000,9.00000,5.00000,5.00000,7.00000,9.00000,5.00000,43.87013,-76.87013,0.87141
793.00000,481.00000,6.03931,0.00000,7.00301,25.97465,18.81297,5.46190,1.43605,60.31709,9.44864,19.81514,10.55426,1.87347,69.85931,34.33623,9.51642,0.86823,200.10281,0.06393,124.00000,4.00000,5.00000,8.00000,4.00000,8.00000,3.00000,7.00000,9.00000,3.00000,7.00000,2.00000,3.00000,43.87879,-76.87879,0.28033
259.00000,320.00000,21.50193,0.00000,16.61249,3.70661,44.40586,8.24062,1.95266,44.68184,17.92781,4.71474,13.47922,1.83986,72.19303,29.30064,18.18643,1.90781,161.03829,0.09546,134.00000,2.00000,5.00000,0.00000,9.00000,6.00000,1.00000,4.00000,4.00000,6.00000,4.00000,6.00000,5.00000,43.88745,-76.88745,0.81738
623.00000,98.00000,14.60248,0.00000,7.87413,39.62466,17.86888,1.01382,0.25452,27.43009,11.83077,16.48590,0.29314,0.70214,79.19459,54.27879,12.37616,1.47620,131.81801,0.02266,206.00000,3.00000,2.00000,3.00000,5.00000,1.00000,0.00000,0.00000,6.00000,3.00000,9.00000,0.00000,9.00000,43.89610,-76.89610,0.80241
704.00000,273.00000,21.96621,0.00000,5.84542,25.13734,13.84044,12.58200,0.03326,9.31880,6.97785,13.43232,12.77304,1.83534,87.54332,73.45622,0.49985,1.20742,237.09041,0.04258,277.00000,2.00000,5.00000,5.00000,4.00000,5.00000,7.00000,9.00000,7.00000,6.00000,4.00000,1.00000,5.00000,43.90476,-76.90476,0.23053
902.00000,127.00000,71.55273,0.00000,8.84294,13.72036,14.39395,19.52481,1.49536,17.01135,19.53176,14.29562,13.45801,0.72452,15.24829,4.56229,4.35942,0.00452,40.74430,0.06288,215.00000,1.00000,6.00000,8.00000,2.00000,4.00000,3.00000,2.00000,0.00000,7.00000,7.00000,4.00000,3.00000,43.91342,-76.91342,0.95021
107.00000,137.00000,62.81126,0.00000,14.56745,26.66562,26.67116,4.63244,1.89882,32.42803,14.05281,16.17692,13.74832,1.28285,35.66625,6.41620,1.26519,0.59263,43.15336,0.04083,109.00000,1.00000,1.00000,2.00000,9.00000,5.00000,4.00000,5.00000,4.00000,3.00000,1.00000,2.00000,4.00000,43.92208,-76.92208,0.74514
622.00000,16.00000,30.22356,0.00000,11.35326,47.51764,38.60415,1.69352,1.20285,1.71782,1.12222,9.02183,5.52629,1.31999,53.69273,24.44160,15.12682,1.80000,234.75050,0.03929,209.00000,0.00000,7.00000,5.00000,0.00000,7.00000,2.00000,6.00000,9.00000,3.00000,3.00000,8.00000,1.00000,43.93074,-76.93074,0.12569
142.00000,438.00000,60.44190,0.00000,1.87033,35.46843,25.93459,11.77488,1.47302,82.62192,11.57555,4.34260,6.90320,0.17724,82.50112,60.55165,12.28356,0.15039,388.03597,0.00714,55.00000,1.00000,9.00000,0.00000,2.00000,6.00000,2.00000,3.00000,5.00000,4.00000,5.00000,0.00000,2.00000,43.93939,-76.93939,0.84887
295.00000,199.00000,22.28524,0.00000,2.76026,14.47213,9.39062,16.14484,1.62132,39.07888,10.55057,4.30258,9.83352,0.26325,32.18126,54.77278,9.09359,0.61608,151.29903,0.08804,119.00000,3.00000,3.00000,3.00000,8.00000,0.00000,4.00000,1.00000,2.00000,7.00000,7.00000,5.00000,9.00000,43.94805,-76.94805,0.87635
663.00000,472.00000,35.87692,0.00000,6.34565,3.30785,29.80688,7.97185,0.81070,22.79833,6.16151,16.99680,3.78687,0.38644,36.99686,40.18094,15.54579,1.87870,159.64455,0.00772,378.00000,4.00000,9.00000,2.00000,9.00000,4.00000,5.00000,4.00000,5.00000,6.00000,4.00000,9.00000,7.00000,43.95671,-76.95671,0.02822
0.00000,449.00000,71.66701,0.00000,19.39125,2.15420,39.07586,4.80860,0.89519,48.61263,2.46514,6.95924,9.84487,0.93920,42.68553,29.35280,13.29793,1.58384,323.06099,0.05824,342.00000,1.00000,2.00000,2.00000,0.00000,6.00000,7.00000,3.00000,4.00000,2.00000,7.00000,0.00000,6.00000,43.96537,-76.96537,0.90022
56.00000,68.00000,6.08262,0.00000,3.40705,37.04510,44.94073,5.14289,0.48656,6.31876,8.70181,13.58708,10.46464,0.95131,15.36182,78.45092,7.41509,1.26819,295.67865,0.05997,395.00000,2.00000,4.00000,1.00000,6.00000,9.00000,2.00000,8.00000,3.00000,1.00000,3.00000,1.00000,3.00000,43.97403,-76.97403,0.86963
534.00000,486.00000,18.27658,0.00000,9.54525,21.61526,16.17336,14.80143,0.11527,96.99338,12.45507,17.84095,19.03800,0.11727,84.65268,7.09229,15.35100,1.21671,218.40306,0.08529,198.00000,2.00000,8.00000,9.00000,7.00000,2.00000,7.00000,9.00000,1.00000,3.00000,9.00000,4.00000,7.00000,43.98268,-76.98268,0.63707
605.00000,349.00000,92.28034,0.00000,13.39172,7.99706,29.45134,14.38728,0.43438,17.81972,12.96695,10.50080,7.06215,0.67164,79.72497,52.94303,4.81805,0.99773,51.26902,0.03676,83.00000,2.00000,7.00000,3.00000,1.00000,3.00000,3.00000,2.00000,4.00000,0.00000,4.00000,1.00000,2.00000,43.99134,-76.99134,0.52983
725.00000,93.00000,10.20035,0.00000,13.56663,35.06808,48.46515,1.52132,1.51315,39.18447,6.79185,11.96928,11.06717,1.34907,55.26989,16.43830,16.17580,1.74579,199.45601,0.07141,423.00000,1.00000,0.00000,8.00000,4.00000,7.00000,7.00000,7.00000,5.00000,9.00000,8.00000,8.00000,5.00000,44.00000,-77.00000,0.71012
